CPU Name,"Apr 12, 2023","Apr 13, 2024","Apr 14, 2024","Apr 15, 2024","Apr 16, 2024","Apr 17, 2024","Apr 18, 2024","Apr 19, 2024","Apr 2, 2024","Apr 20, 2021","Apr 20, 2024","Apr 21, 2024","Apr 22, 2024","Apr 23, 2024","Apr 24, 2024","Apr 25, 2024","Apr 26, 2024","Apr 27, 2024","Apr 28, 2024","Apr 29, 2024","Apr 30, 2024","Apr 5, 2024","Apr 6, 2024","Apr 8, 2024","Apr 9, 2024","Aug 1, 2024","Aug 10, 2024","Aug 11, 2024","Aug 12, 2023","Aug 12, 2024","Aug 16, 2024","Aug 19, 2024","Aug 21, 2024","Aug 22, 2024","Aug 23, 2024","Aug 24, 2024","Aug 26, 2024","Aug 28, 2024","Aug 29, 2024","Aug 3, 2024","Aug 4, 2024","Aug 7, 2024","Aug 9, 2024","Dec 1, 2024","Dec 10, 2023","Dec 17, 2023","Dec 2, 2024","Dec 23, 2022","Dec 25, 2023","Dec 29, 2023","Dec 3, 2024","Dec 4, 2024","Dec 5, 2024","Dec 6, 2024","Dec 7, 2024","Feb 16, 2024","Feb 18, 2024","Feb 7, 2024","Jan 22, 2024","Jan 24, 2024","Jan 27, 2020","Jan 28, 2024","Jul 1, 2024","Jul 12, 2024","Jul 15, 2024","Jul 17, 2024","Jul 19, 2024","Jul 22, 2024","Jul 23, 2024","Jul 24, 2024","Jul 26, 2024","Jul 4, 2024","Jul 5, 2024","Jul 6, 2024","Jul 7, 2024","Jul 8, 2024","Jul 9, 2024","Jun 1, 2024","Jun 11, 2024","Jun 14, 2024","Jun 15, 2024","Jun 17, 2024","Jun 21, 2024","Jun 24, 2024","Jun 26, 2024","Jun 28, 2024","Jun 3, 2024","Jun 4, 2024","Jun 5, 2024","Jun 6, 2024","Jun 7, 2024","Mar 16, 2024","Mar 17, 2024","Mar 19, 2024","Mar 27, 2024","Mar 3, 2024","Mar 30, 2024","May 1, 2024","May 10, 2024","May 11, 2024","May 12, 2024","May 13, 2024","May 14, 2024","May 15, 2024","May 16, 2024","May 17, 2024","May 18, 2024","May 19, 2024","May 2, 2024","May 20, 2024","May 21, 2024","May 22, 2024","May 23, 2024","May 24, 2024","May 25, 2024","May 26, 2024","May 27, 2024","May 28, 2024","May 29, 2024","May 3, 2024","May 30, 2024","May 31, 2024","May 6, 2024","May 7, 2024","May 8, 2024","May 9, 2024","Nov 1, 2023","Nov 1, 2024","Nov 10, 2024","Nov 11, 2024","Nov 12, 2024","Nov 13, 2024","Nov 14, 2024","Nov 15, 2024","Nov 16, 2024","Nov 17, 2024","Nov 18, 2024","Nov 19, 2024","Nov 2, 2023","Nov 2, 2024","Nov 20, 2024","Nov 21, 2024","Nov 22, 2024","Nov 23, 2024","Nov 24, 2024","Nov 25, 2024","Nov 26, 2024","Nov 27, 2024","Nov 28, 2023","Nov 28, 2024","Nov 29, 2024","Nov 3, 2022","Nov 3, 2024","Nov 30, 2024","Nov 4, 2024","Nov 5, 2024","Nov 6, 2021","Nov 6, 2023","Nov 6, 2024","Nov 7, 2024","Nov 8, 2024","Nov 9, 2024","Oct 1, 2024","Oct 10, 2024","Oct 11, 2024","Oct 12, 2022","Oct 12, 2024","Oct 13, 2024","Oct 14, 2024","Oct 15, 2024","Oct 16, 2024","Oct 17, 2024","Oct 18, 2024","Oct 19, 2024","Oct 2, 2024","Oct 20, 2024","Oct 21, 2024","Oct 22, 2024","Oct 23, 2024","Oct 24, 2024","Oct 25, 2024","Oct 26, 2024","Oct 27, 2023","Oct 27, 2024","Oct 28, 2024","Oct 29, 2024","Oct 3, 2024","Oct 30, 2023","Oct 30, 2024","Oct 31, 2024","Oct 4, 2024","Oct 5, 2023","Oct 5, 2024","Oct 6, 2024","Oct 7, 2021","Oct 7, 2024","Oct 8, 2024","Oct 9, 2024","Sep 1, 2024","Sep 10, 2024","Sep 11, 2024","Sep 12, 2024","Sep 13, 2024","Sep 14, 2024","Sep 15, 2024","Sep 16, 2024","Sep 17, 2024","Sep 18, 2024","Sep 19, 2024","Sep 20, 2024","Sep 21, 2024","Sep 22, 2024","Sep 23, 2024","Sep 24, 2024","Sep 25, 2024","Sep 26, 2023","Sep 26, 2024","Sep 27, 2024","Sep 28, 2024","Sep 29, 2024","Sep 3, 2024","Sep 30, 2024","Sep 4, 2023","Sep 5, 2024","Sep 6, 2024","Sep 7, 2024","Sep 8, 2024","Sep 9, 2024"
Core i9-14900KS,,,,,,,,,,,729.99,,,,,,,,,,,,,,730.79,,,,,,,,,,,,,,,,,,,,,,648.25,,,,,584.5,493.0,425.0,,,,,,,,,,,,,,,,,,,,,,,,,,,,,,,,,,,,,,,,,,,,,,,,,,,,,,,,,,,,,,,,,,,,,,,,,,606.52,590.0,,,539.0,505.0,430.0,619.0,,619.0,,,545.0,,,,549.0,590.0,,494.9,494.9,,,554.36,,,618.25,,169.0,,,459.99,550.0,510.0,,539.5,,599.0,,,,,,,,,,,,,615.0,539.99,550.0,,,,450.0,,555.98,520.0,,,589.99,,,,,,,,580.0,,517.5,435.0,455.0,539.0,,,,,529.0,,,,,,,552.5,,,560.0,539.99,,,535.0,,,,,,
Core i9-14900,,,,,,,,,,,,,,,,,,,,,,,,,,,,,,,,,,,,,,,,,,,,,,,,,,,,,,,,,,,,,,,,,,,,,,,,,,,,,,,,,,,,,,,,,,,,,,,,,,,,,,,,,,,,,,,,,,,,,,,,,,,,,,,,,,,509.0,,,,,,,,,,,,499.99,,,,,,,,,,,,400.0,,,,,,,,,,,,,,,,,,,495.46,,,,,,320.0,414.99,,,,339.99,,,,,,,,,,,,,,,,418.0,,,,,,,,316.0,,,,,,,,,,,,,,,,,,,590.99
Core i9-14900F,,,,,,,,,,,,,,,,,,,,,,,,,,,,,,,,,,,,,,,,,,,,,,,563.46,,,,,394.99,419.97,300.0,,,,,,,,,,,,,,,,,,,,,,,,,,,,,,,,,,,,,,,,,,,,,,,,,,,,,,,,,,,,,,,,,,,,,,,,,,,305.0,531.49,337.5,359.98,,350.0,,,,,,,359.0,328.0,,,,,,349.0,,399.75,,,,,,359.0,,,,,,,,,515.99,,,,550.31,,,,,,,,,,,,,,,,,,469.99,,,,,,,,,,,,,,,,,,,,445.0,604.36,,,,,,,,,,,,,,,,,,,,
Core i9-14900K,,,,,,,,,,,,,,,,,,,,,,,,,,,,,,,,,,,,,,,,,,,,392.5,,,391.8,,,,309.51,381.15,349.48,449.06,400.0,,,,,,,,,,469.99,,,,,,,,,,,,,,,,,,,,,,,,,,,,,,,,,,,,,,,,,,508.65,,,,,,,,,,,,,,,,,,,,,639.99,327.0,247.87,459.99,385.33,348.0,410.0,362.5,388.28,420.5,398.33,,402.63,402.5,400.25,372.57,385.25,,398.12,385.0,420.0,,364.44,406.13,,243.74,342.56,392.5,398.49,,,439.05,390.55,316.67,369.41,406.66,422.11,354.71,,,363.49,418.75,388.33,415.0,391.87,375.0,366.67,392.5,366.33,350.0,367.0,324.5,405.8,415.54,400.0,,350.0,406.65,412.0,419.5,,272.5,395.0,,,412.49,426.83,,,430.0,407.5,,475.0,214.0,443.75,443.24,489.83,381.0,496.05,365.05,496.84,441.67,472.5,377.0,440.0,374.49,470.99,432.07,,478.99,484.12,440.5,,,494.88,,,,,200.0,385.0
Core i9-14900KF,,,,,,,,,,,,,,,,,,,,,,,,,,,,,,,,,,,,,,,,,,,,379.97,,,354.67,,,,404.5,389.0,349.0,,394.5,,,,,,,,,,,,,,,,,,,,,,,,,,,,,,,,,,,,,,,,,,,,,,,,,,,,,,,,,,,,,,,,,,,,,,,,,,,349.99,449.0,,,327.25,317.5,,374.5,500.0,,352.5,444.99,369.5,379.66,,336.8,369.5,338.0,337.0,,397.66,355.0,,380.0,315.0,467.5,,,,,,,249.0,,300.0,387.49,,200.0,379.95,395.0,364.0,381.0,418.0,403.33,399.0,399.99,439.0,331.0,428.75,419.97,,400.0,396.99,,,403.98,,360.0,,,430.0,389.99,,399.28,,,,398.17,,,465.0,406.83,400.0,456.13,459.0,378.0,385.0,355.5,422.44,408.0,437.5,,362.0,379.0,450.0,380.0,,429.99,420.0,469.99,390.0,,,,,,,,390.0
Core i7-14700,,,,,,,,,,,,,,,,,,,,,,,,,,,,,,,,,,,,,,,,,,,,,,,,,,,274.85,264.5,,278.0,,,,,,,,,,,,,,,,,,,,,,,,,,,,,,,,,,,,,,,,,,,,,,,,,,,,,,,,,,,,,,,,,,,,,,,,,,,,,,,,299.99,,250.0,,,,350.0,260.4,243.0,339.0,,,229.99,269.99,,,235.5,279.7,,,233.77,229.99,,,,,,,,,,,,,69.95,72.99,,,,,,,252.0,275.0,304.97,310.0,310.0,,,,,270.0,,,,,,,,,290.0,,,,294.99,,284.99,,,227.5,,295.0,,,360.0,,,295.0,,,,,,295.0,,,,,,,,,,,
Core i7-14700K,,,,,,,,,,,,,,,,,,,,,,,,,,,,,,,,,,,,,,,,,,,,350.18,,,313.71,,,,302.5,306.75,344.33,349.99,,,,,,,,,,,,,,,,,,,,,,,,,,,,,,,,,,,,,,,,,,,,,,,,,,,,,,,,,,399.95,,,,,,,,,,,,,,,,230.0,269.99,310.0,332.52,176.99,236.59,299.0,306.98,,280.0,335.0,,310.0,314.99,330.0,304.98,281.0,276.67,290.27,347.29,241.0,,,,,250.0,285.0,334.99,329.0,,,348.0,290.0,299.96,335.0,,246.82,240.0,,,175.45,61.9,71.53,,,350.0,350.0,349.0,,450.0,,300.0,185.78,237.5,,,309.5,339.0,292.5,414.13,,99.99,340.0,318.33,,450.0,310.0,,320.0,336.65,459.99,,252.5,301.45,178.99,372.49,,274.74,230.72,353.97,336.66,,344.0,317.0,227.45,289.72,300.0,340.0,,,283.29,349.0,338.0,,,,,,,,267.5
Core i7-14700KF,,,,,,,,,,,,,,382.95,,,,,,,,,,,,,,,,,,,,,,,,,,,,,,312.0,,,,,,,,,,,329.99,,,,,,,,,,,,,,,,,,,,,,,,,,,,,,,,,,,,,,,,,,,,,,,,,,,,,,,,,,,,,,,,,,,,,,,,,,255.0,,255.0,,270.72,299.99,,336.99,300.0,,,,259.0,300.0,,,,280.0,265.0,,,292.64,278.99,,129.99,,144.49,,,,282.51,,,185.5,,272.49,279.99,,,,,291.62,,,299.99,295.0,,250.0,250.0,,,,,315.0,,250.0,324.99,290.0,283.99,,149.99,,,,262.77,,,,321.38,299.99,,329.99,,,150.0,,,285.86,276.3,,,,,270.0,,254.99,275.48,,,330.0,,,,289.99,,,,,,
Core i5-14400,,,,,,,,,,,,,,,,,,,,,,,,,,,,,,,,,,,,,,,,,,,,189.0,,,,,,,,380.0,,170.11,,,,,,,,,,,,,,,,,,,,,,,,,,,,,,,,,,,,,,,,,,,,,,,,,,,,,,,,,,,,,,,,,,,,,,,,,,,,,,,,,,,,,,,,,,,,,,,,,,,,,229.98,,,,,,211.99,,,,,,,229.99,,,,,,,,,,,,195.99,,229.99,,,,,,,,,,,,,,,,,,,,,,,,,,,,,,229.99,,,,,,,,,,,,,,,,229.99
Core i5-14500,,,,,,,,,,,,,,,,,,,,,,,,,,,,,,,,,,,,,,,,,,,,,,,141.27,,,,,,,,,,,,,,,,,,,,,,,,,,,,,,,,,,,,,,,,,,,,,,,,,,,,,,,,,,,,,,,,,,,,,,,,,,,,,,,,,,,,,,,,,,,125.99,,,49.0,,,,,,,159.0,,,,,,,,,,,,135.27,,,,,209.99,,215.0,,267.76,244.99,,,,,,,,,160.0,,,,,,,,,,,,,,,,,,,,,,,199.99,,,,,,,64.5,,,,,315.0,,,,,,,,,,,,,,
Core i5-14600,,,,,,,,,,,,,,,,,,,,,,,,,,,,,,,,,,,,,,,,,,,,,,,,,,,,,,159.0,,,,,,,,,,,,,,,,,,,,,,,,,,,,,,,,,,,,,,,,,,,,,,,,,,,,,,,,,,,,,,,,,,,,,,,,,,,,,,,,,,,,,,,,,,,,,,,,,,,,,,,,,,,,,,,,,,,,,,,,,,,,,,,,,,,,,,,,,,,,,,,,,,,,,,366.95,,,,,,,,,,,,,,,,,,,,,,,,
Core i5-14600K,,,,,,,,,,,,,,,,,,,,,,,,,,,,,,,,,,,,,,,,,,,,99.0,,,230.0,,,,,,209.0,223.33,229.99,,,,,,,,,,,,,,,,,,,,,,,,,,,,,,,,,,,,,,,,,,,,,,,,,,,,,,,,,,,,,,,,,,,,,,,,,,,,,,259.99,210.0,230.0,230.0,229.99,,,,,,199.0,244.99,220.0,,,,,,209.99,,170.0,215.0,169.0,237.5,,,,224.1,,214.95,,,248.0,,,,,229.99,,,,,,,,,,,230.0,,,,217.5,,242.95,,,,,,,83.6,,,250.0,,,207.5,284.49,,,,227.5,,,,250.0,,,225.87,,223.32,240.0,,,225.0,,,,210.0,,,,,,238.47
Core i5-14600KF,,,,,,,,,,,,,,,,,,,,,,,,,,,,,,,,,,,,,,,,,,,,189.5,,,,,,,231.85,,380.0,189.0,,,,,,,,,,,,,,,,,,,,,,,,,,,,,,,,,,,,,,,,,,,,,,,,,,,,,,,,,,,,,,,,,,,,,,,,,,190.0,229.99,,229.99,189.99,187.5,,239.0,,,229.99,,179.99,,,,,,380.99,200.0,,,234.7,,,,,,,,,,184.94,,189.99,255.0,,258.83,,,,,,,,,,,200.0,,,,,,,,,210.0,,,,,,,,,,,,,,,,,,,,,,,,,,191.39,229.99,,214.1,,,224.0,229.99,,,,,,,,,,309.99
Core i5-14400F,,,,,,,,,,,,,,,,,,,,,,,,,,,,,,,,,,,,,,,,,,,,,,,,,,,,142.97,,,,,,,,,,,,,,,,,,,,,,,,,,,,,,,,,,,,,,,,,,,,,,,,,,,,,,,,,,,,,,,,,,,,,,,,,,,,,,,,,,,125.0,140.0,,,,120.5,139.99,,,,,160.49,,,,,,,,,139.89,,,,,137.5,,155.59,139.99,,165.0,,,,130.0,,,,139.99,,,120.0,142.52,,,129.97,149.99,,,,,,170.0,,167.5,,,,,,,150.0,177.5,229.99,,,,,,,,,,141.5,149.99,,,,,,229.99,,,,,,,,,,,,138.5,
Core i5-14100,,,,,,,,,,,,,,,,,,,,,,,,,,,,,,,,,,,,,,,,,,,,,,,,,,,,,,,,,,,,,,,,,,,,,,,,,,,,,,,,,,,,,,,,,,,,,,,,,,,,,,,,,,,,,,,,,,,,,,,,,,,,,,,,,,,,,,,,,,,,,,,,,,,,,,,,,,,,,,,,,,,,,,,,,,,,,,,,,,,,,,,,,,,,,,,,,,,,,,,,,,,,,,,,,,,,,,,,,,,,,,,,,,,,
Core i5-14100F,,,,,,,,,,,,,,,,,,,,,,,,,,,,,,,,,,,,,,,,,,,,,,,,,,,,,,,,,,,,,,,,,,,,,,,,,,,,,,,,,,,,,,,,,,,,,,,,,,,,,,,,,,,,,,,,,,,,,,,,,,,,,,,,,,,,,,,,,,,,,,,,,,,,,,,,,,,,,,,,,,,,,,,,,,,,,,,,,,,,,,,,,,,,,,,,,,,,,,,,,,,,,,,,,,,,,,,,,,,,,,,,,,,,
Core i9-13900KS,,,,,,,,,,,,,,,,,,,,,,,,,,,,,,,,,,,,,,,,,,,,,,,,,,,,349.97,,454.0,369.0,,,,,,,,,,,,,,,,,,,,,,,,,,,,,,,,,,,,,,,,,,,,,,,,,,,,,,,,,,,,,,,,,,,,,,,,,457.0,,,,,249.0,304.0,,,,400.0,,,,225.0,454.0,379.0,,324.67,,395.99,,,349.99,,,150.0,399.5,,,815.48,,,,,,,,,,484.5,,,405.0,299.0,,,345.99,465.0,,,,,,,,,,,,,,,,,,,,,,,,,,299.0,317.0,,,,,425.0,,335.0,,375.0,,,429.0,,,426.36,,,,,,,,,,
Core i9-13900,,,,,,,,,,,,,,,,,,,,,,,,,,,,,,,,,,,,,,,,,,,,,,,500.0,,,,,,400.0,,,,,,,,,,,,,,,,,,,,,,,,,,,,,,,,,,,,,,,,,,,,,,,,,,,,,,,,,,,,,,,,,,,,,,,,,,,320.0,,,349.95,,,320.0,,,349.5,,,,,,,,,339.99,,,,,,,,,,,,,,,460.0,301.0,,,,,,,,,,350.0,,,225.0,,,,,,,759.99,,,,,669.99,,,,,,,,,,,,,699.5,,,,,,,,,,,320.0,,,,,,,320.0,275.0,,,,,,,,,
Core i9-13900F,,,,,,,,,,,,,,,,,,,,,,,,,,,,,,,,,,,,,,,,,,,,,,,,,,,,,,,,,,,,,,,,,,,,,,,,,,,,,,,,,,,,,,,,,,,,,,,,,,,,,,,,,,,,,,,,,,,,,,,,,,,,,,,,,,,353.82,,,,,,,,,,,,,,,,,,,,,,,,,,,,,,,,,,375.0,,,,,,,,,,,,,,,,,,,271.0,,,,,,,,,,249.99,,,,,,,450.0,,,,,,,,,,,,,,,,,,,,,,,,,,,
Core i9-13900K,,,,,,,,,,,,,,,,,,,,,,,,510.0,,,,,,,,,,,,,,,,,,,,313.66,,,355.0,,,,387.5,430.32,230.34,349.78,305.31,,,,,,,,,,,,,,,,,,,,,,,,,,,,,,,,,,,,,,,,,,,,,,,,125.0,,,,,,,,,,,,,,,,,,,429.99,,,,,567.33,385.0,236.87,309.61,313.75,354.66,368.49,349.99,321.25,320.0,374.99,345.0,,286.0,313.0,369.15,306.25,319.99,319.48,304.5,286.75,157.49,,332.5,349.2,,253.78,298.56,290.8,,,,,314.99,282.12,351.03,275.99,,299.0,,346.66,312.5,375.83,309.2,343.53,299.0,299.0,300.0,,315.0,410.76,324.66,362.66,353.62,340.0,300.0,,,319.6,339.76,,584.33,295.25,349.5,,,,,,,428.22,,,,,,,,,,,,,,,,,14.99,,,,,,,,,,,,349.99,,
Core i9-13900KF,,,,,,,,,,,,,,,,,,,,,,,,,,,,,,,,,,,,,,,,,,,,240.0,,,,,,,311.31,374.99,,354.0,,,,,,,,,,,,,,,,,,,,,,,,,,,,,,,,,,,,,,,,,,,,,,,,,,,,,221.99,,,,,,,,,,,,,,,,,,,,,293.14,,299.99,299.97,,285.0,224.99,348.1,300.0,317.17,,,,,269.07,,250.0,,324.45,,362.5,,,615.45,,,,379.99,429.0,,,301.28,,299.99,255.0,284.66,,350.0,,,,385.0,,313.57,,296.0,,263.0,300.0,247.23,261.0,,318.03,,,,,380.0,360.0,,,,,,,,,,,319.99,349.0,,,,,199.99,319.0,,,340.0,389.95,322.86,69.99,,,153.69,399.99,,,375.0,281.67,300.0,359.99,,348.0,,,,,,
Core i7-13700,,,,,,,,,,,,,,,,,,,,,,,,,,,,,,,,,,,,,,,,,,,,,,,264.69,,,,244.99,245.0,256.99,250.0,,,,,,,,,,,,,,,,,,,,,,,,,,,,,,,,,,,,,,,,,,,,,,,,,,,,,,,,,,,,,,,,,,,,,,,,,,,,232.5,,,249.99,,225.0,225.0,69.69,219.98,,,,227.17,,,197.27,249.38,284.42,,,,,,,,,227.5,,,,250.0,362.0,220.27,,,218.5,,229.99,,219.0,262.52,,158.0,,,,,,182.5,244.69,,279.0,,,219.5,223.2,,210.0,,221.0,,339.67,,,,,246.62,249.99,249.5,,250.0,254.49,,,,,,274.49,274.95,,,,,308.67,,229.96,,,259.99,269.99,,,329.84,,,,,,218.0
Core i7-13700K,,,,,,,,,,,,,,,,,,,,,,,,,,,,,,,,,,,,,,,,,,,,224.6,,,240.44,,,,244.33,246.31,259.99,228.75,239.14,,,,,,,,,,,,,,,,,,,,,,,,,,,,,,,,,,,,,,,,,,,,,,,,,,,,,,,,,,,,,262.85,,,,,,,,,299.94,,,234.28,234.6,250.0,260.0,249.0,349.03,241.92,235.75,172.55,247.66,224.5,,251.44,221.52,229.86,226.67,235.31,230.0,227.8,236.21,,,237.33,259.5,,99.99,198.33,249.0,199.0,,,275.0,245.0,264.12,194.25,,255.32,246.4,,264.5,265.0,245.0,241.25,251.66,267.29,264.99,266.5,279.74,229.99,235.17,244.5,251.4,248.12,244.5,241.66,,245.0,243.22,280.0,288.66,,239.88,227.49,285.0,,,279.63,,263.5,275.0,269.83,,282.74,292.88,250.0,259.78,281.49,264.66,203.33,234.5,232.39,270.0,269.0,233.33,259.75,276.49,249.99,299.65,,244.95,340.0,271.25,275.0,,390.33,,,,,,
Core i7-13700KF,,,,,,,,,,,,,,,,,,,,,,,,,,,,,,,,,,,,,,,,,,,,,,,287.82,,,,,,221.75,289.98,,,,,,,,,,,,,,,,,,,,,,,,,,,,,,,,,,,,,,,,,,,,,,,,299.0,,,,,,,,,,,,,,,,,,,,,,,,,,,,228.25,,,220.44,,,229.0,215.66,205.5,,215.0,195.0,221.99,,287.82,202.7,227.5,237.66,229.0,,215.0,,,,282.99,,,,,,264.5,199.99,226.25,229.99,,350.0,,175.0,,237.83,287.82,242.5,,,,,,,,230.0,215.0,237.5,220.0,,,,,,,,,259.0,,215.0,,,,,,,,247.5,308.79,,289.47,,253.0,220.0,248.5,231.66,198.79,244.97,,250.0,,,,272.44,269.99,,259.5,,,,,,,,280.0
Core i5-13400,,,,,,,,,,,,,,,,,,,,,,,,,,,,,,,,,162.99,,,,,,,,,,,,,,,,,,,105.0,139.99,116.99,,,,,,,,,,,,,,,,,,,,,,,,,,,,,,,,,,,,,,,,,,,,,,,,,,,,,,,,12.84,,,,,,,,,,,,,,,,,,105.0,,,129.5,,,,,124.8,115.5,127.99,,149.0,105.0,,128.22,,,,,105.0,,,,,,140.48,,,,,,191.36,105.0,,100.0,,130.0,,,,125.1,285.0,110.0,,257.72,,,125.0,,,,124.95,125.0,,,,188.24,122.95,,,,124.95,117.5,,119.0,112.5,,,,110.0,,,,,110.0,157.99,,,130.0,110.0,,110.0,,,,,110.0,,129.99,110.0,,,,,,,,,,
Core i5-13500,,,,,,,,,,,,,,,,,,,,,,,,,,,,,,,,,,,,,,,,,,,,171.53,,,,,,,255.49,252.5,159.87,,,,,,,,,,,,,,,,,,,,,,,,,,,,,,,,,,,,,,,,,,,,,,,,,,,,,,,,,,,,,,,,,,,,,,,,,,,,229.99,465.92,,,,,126.19,229.99,269.75,,,,,,184.97,169.05,175.0,,157.38,,,,125.0,,139.99,153.19,,173.33,,,167.99,130.0,,,,203.5,189.99,,165.0,,173.06,165.33,139.99,165.0,,146.75,,121.6,125.3,,160.0,154.95,,,,,599.99,,,,165.0,169.95,159.91,,,,,159.0,157.99,142.5,,,,,,,167.99,172.5,,,,151.0,,,159.66,175.0,189.2,,262.0,,34.99,175.99,,,,,,,,
Core i5-13600,,,,,,,,,,,,,,,,,,,,,,,,,,,,,,,,,,,,,,,,,,,,,,,,,,,,,,,,,,,,,,,,,,,,,,,,,,,,,,,,,,,,,,316.32,,,,,,,,,,,,,,,,,,,,,,,,,,,,,,,,,,,,,,,,,,,,,,,,,175.0,,,,,,,,,,,,,139.99,,,,,,,175.0,,,,150.0,,,,,169.99,,,,,,,,159.99,,,,,,,,,,,,,152.5,,,,,,,,,,,,,,,,,,,,,,,,,,,,,,,,,,,,,,,,,,,
Core i5-13600K,,,,,,,,,,,,,,,,,,,,,,,,,,,,,,,,,,,199.99,,,,,,,,,,,,170.0,,,,170.0,192.8,,198.99,214.99,,,,,,,,,361.48,,,,,,,,,,,,,,,,,,,,,,,,,,,,,,,,,,,,,,,,,,,,,,,,,,,,,,,,,,,,,,,,187.5,239.0,99.97,168.25,,149.99,185.0,178.34,,,126.66,,,,175.83,152.5,147.5,177.99,,192.91,151.25,,235.0,143.86,,,179.0,142.57,204.5,,,,,,192.5,214.5,51.0,,,147.5,180.5,166.38,,159.0,179.99,214.99,,,,,195.0,229.99,204.5,187.5,,,,,168.99,214.96,,177.5,,201.25,,198.75,201.5,,61.5,,,,213.0,211.7,192.66,157.5,,,204.75,184.89,210.0,188.75,,,213.5,210.0,229.0,210.0,,,,,219.97,,,,,,,210.0,137.99
Core i5-13600KF,,,,,,,,,,,,,,,,,,,,,,,,,,,,,,,,,,,,,,,,,,,,,,,,,,,199.99,226.25,182.0,197.0,,,,,255.55,,,,,,,,,,,,,,,,,,,,,,,,,,,,,,,,,,,,,,,,,,,,,,,,,,,,,,,,,,,,,,,,,,,,,170.49,175.0,159.99,166.17,139.5,136.5,155.5,178.0,,199.99,,,,170.0,280.0,,,,,,254.31,,,164.99,,145.5,,108.0,189.99,,,,235.0,,199.69,,,200.0,,,149.33,118.0,,,174.99,229.99,,245.0,189.94,,162.34,167.5,,,,,,54.0,168.99,,,189.99,,210.0,,,190.0,,63.01,,173.59,,179.49,217.0,202.49,138.75,175.0,170.5,180.0,,175.0,,,,199.88,,182.47,,,,200.0,,169.99,,229.99,,,,,,138.75
Core i9-12900K,,,,,,,,,,,,,,,,,,,,,,,,,,,,,,,,,,,,,,149.0,,150.0,,,,239.0,,,286.85,,,,237.81,214.8,250.69,228.64,249.99,,,,,,,,,,,,,,,,,,,,,,,,,,,,,,,,,,269.0,279.0,,,,,220.0,,,,,,,,,,,,,,,,,,,,,,,,,,,,,,,,,239.16,62.99,118.74,256.4,229.13,218.1,174.17,114.2,233.0,234.17,220.0,,245.0,230.75,214.99,255.0,232.47,238.99,219.0,231.33,247.49,,,220.95,,137.79,239.99,250.0,,,,247.0,250.0,208.59,260.0,194.34,179.75,244.5,,229.66,285.0,299.99,210.0,262.0,229.83,220.75,173.75,268.33,269.44,234.75,224.98,276.0,212.32,234.99,257.49,359.16,300.0,190.0,279.0,,,230.0,,,,217.88,223.87,,,212.5,173.75,,208.0,,237.5,230.99,239.5,,161.05,262.0,256.6,267.5,313.33,245.0,214.61,263.8,249.99,281.67,,249.97,265.0,,179.0,,279.66,,,,,250.0,225.16
Core i9-12900KF,,,,,,,,,,,,,,,,,,,,,,,,,,,,,,,,,,,,,,,,,,,,49.95,,,,,,,164.5,,142.01,168.16,,,,,,,,,,,,,,,,,,,,,,,,,,,,,,,,,,,,,,,,,,,,,,,,,,269.99,,,,,,,,,,,,,,,,,,,,,,,,194.99,,,164.18,,155.0,,,209.99,212.33,201.22,,179.99,,224.98,,,250.0,189.67,203.5,219.99,,,,371.45,,200.0,164.33,,,,,,209.5,,219.25,175.5,,,220.0,180.84,73.97,197.95,113.97,189.99,208.09,234.97,229.0,63.9,239.2,249.99,180.0,274.99,,112.7,,192.88,233.5,,265.0,,,224.99,,,157.5,220.0,,,222.72,,,229.0,230.0,230.17,234.99,,249.0,274.99,210.0,249.0,,249.0,,,245.0,262.5,274.99,,,270.0,,,,244.99,,,113.0,,,
Core i9-12900,,,,,,,,,,,,,,,,,,,,,,,,,,,,,,,,,,,,,,,,,,,,,,,,,,,,115.99,102.5,,,,,,,,,,,,,,,,,,,,,,,,,,,,,,,,,,,,,,,,,,,,,,,,,,,,,,,,,,,,,,,,,,,,,,,,,,,,,139.0,,,,,,,279.99,299.99,,,,,,,302.0,,,119.99,,,,,,,,,,,,,,,,,,,,,296.0,299.99,,300.0,,,,324.99,312.0,147.5,,,,,,,,,,,,,,,,,,,,,,79.57,,,,,,,282.5,394.68,,,,,,,,,,,,,,,,,,,,
Core i9-12900KS,,,,,,,,,,,,,,,,,,,,,,,,,,,,,,,,,,,,,,,,,,,,,,,,,,,,295.0,371.25,,,,,,,,,,,,,,,,,,,,,,,,,,,,,,,,,,,,,,,,,,,,,,,,,274.99,,,,,,,,,,,,,,,,,,,,,,,,,,314.95,246.5,257.75,279.99,,474.13,,,234.48,,279.0,,,300.0,,199.0,,,218.51,,256.77,,297.99,,,,,330.99,,,,268.99,,,319.99,,,,,,255.0,,300.0,,304.99,,,,,,,,,,302.91,,,359.95,,,,289.99,285.0,259.95,,,,,,318.97,,,,310.0,,,369.0,348.0,,224.99,302.5,,,300.0,,,299.95,274.99,,253.0,269.99,,,,,,,,,,358.11
Core i7-12700K,,,,,,,,,250.0,,,,,,,,,,,,,,,,,,,,,,,,,,,,,,,,,,,187.66,,,181.66,,,,184.9,178.94,193.91,202.79,600.0,,,,,,,,,,,,,,,,,,,,,,,,,,,,,,,,,,,,,,,,,,,,,,,,,,,,,,,,,,,,,,,,,,,,,,,,,182.2,192.5,202.87,188.49,210.0,190.22,188.75,200.0,104.75,176.37,184.73,,169.0,193.5,187.5,185.0,,200.83,204.38,135.9,197.16,,189.99,190.83,,141.88,254.99,,87.0,,,188.16,208.33,175.0,150.0,191.39,215.0,169.0,,,193.33,350.0,199.0,201.74,,185.0,197.5,218.99,208.58,600.0,190.0,187.0,205.0,275.0,,,,187.5,200.0,185.1,,176.25,209.95,,,202.72,195.0,,154.19,209.66,187.0,,192.75,206.09,224.25,185.88,193.5,185.0,193.32,200.0,196.93,189.0,219.0,187.5,55.0,187.5,215.0,197.25,,225.32,211.24,184.67,201.25,,208.7,,,,,,186.25
Core i7-12700KF,,,,,,,,,,,,,,,,,,,,,,,,,,,,,,,,,,,,,,,,,,,,,,,165.0,,,,185.0,199.5,184.09,201.57,,,,,,280.98,,,,,,,,,,,,,,,,,,,,,,,,,,,,,,,,,,,,,,,,,,,,,,,,,,,,,,,,,,,,,,,,,,,,,199.99,150.0,167.16,,,182.33,175.06,170.28,164.88,166.83,,150.83,180.32,160.33,,136.5,194.97,170.4,159.95,200.0,,224.99,180.0,,127.53,99.25,199.99,65.0,,,,158.67,205.0,,189.74,,181.98,,,153.0,188.33,244.71,135.0,,197.99,197.5,,184.99,,163.97,199.95,189.58,,177.5,,,189.99,,179.99,,169.99,168.33,180.0,,180.0,174.99,,143.66,165.5,,,,145.74,179.08,183.96,206.75,174.3,160.3,166.41,182.5,183.84,180.0,172.0,188.37,120.0,189.99,184.5,,170.61,,179.99,,,170.5,,,,,,
Core i7-12700,,,,,,,,,,,,,,,,,,,,,,,,,,,,,,,,,,,,,,,,,,,,,,,205.56,,,,,86.39,183.5,223.63,185.75,,,,,,,,,,,,,,,,,,,,,,,,,,,,,,,,,,,,,,,,,,,,,,,,,,,,,,,,204.99,215.0,,,,,,,,,,,,,,,,210.0,80.0,147.2,161.79,192.5,225.8,211.99,,,197.5,219.0,,,184.0,190.48,197.25,184.97,198.66,209.89,175.0,202.37,,,,,,,229.99,81.71,,,183.5,152.5,199.99,225.83,219.99,192.7,,,124.4,235.0,199.48,194.66,147.5,,232.78,,223.31,,269.99,,,199.0,197.16,63.75,,192.83,153.97,190.75,187.5,,,,250.0,,,,,249.99,187.5,189.31,,200.0,,199.95,209.75,,199.0,257.49,169.3,,205.0,126.5,200.0,,,142.75,155.0,,220.0,199.97,201.33,150.0,,,,,,,225.0,192.5
Core i7-12700F,,,,,,,,,,,,,,,,,,,,,,,,,,,,,,,,,,,,,,,,,,,,179.09,,,191.67,,,,187.53,183.99,170.97,,,,,,,,,,,,,,,,,,,,,,,,,,,,,,,,,,,,,,,,,,,,,,,,,,,,,,,,,,,,,,,,,,,,,,,,,,,165.0,,218.35,,,180.0,,145.5,,,171.99,,169.0,240.99,,,,175.0,169.97,,155.5,,,,,,,,165.0,,,174.99,175.49,,,182.02,41.0,,,179.75,,,,113.0,,,,,,185.0,52.0,198.99,33.75,75.0,,,165.0,,,,,,,,,,,,58.5,,174.5,,,,,,181.99,195.0,,155.0,129.95,,174.99,166.5,,,215.0,167.66,,65.0,129.95,,,,,,,,,,
Core i5-12600K,,,,,,,,,,,,,159.99,,,,,,,,,,,,,,,,,,,,,,,,,,,,,,,66.88,,,165.31,,,,128.29,143.83,110.0,135.33,139.99,,,,,,,,,,,,,,,,,,,,,,,,,,,,,,,,,,,,,,,,,,,,,,,,,,,,,,,,,,,,,,,,,,,,,,,,,140.0,169.66,140.5,137.25,135.0,241.15,,135.5,132.99,270.95,155.25,,125.99,,120.0,117.44,128.5,120.0,132.67,,153.99,,139.0,103.5,,141.33,122.5,140.83,217.33,,,131.0,129.66,139.5,,179.0,,123.12,,131.5,192.49,115.51,139.83,122.0,146.0,115.25,,118.0,149.99,159.99,173.33,,168.87,159.95,120.0,,,177.94,130.21,206.32,,,350.0,,,135.0,134.37,,150.0,,,,145.0,126.25,,145.47,165.0,,105.0,151.59,125.0,157.49,173.99,149.99,,,229.99,149.99,,,187.5,155.0,140.5,,150.0,,,,,,
Core i5-12600KF,,,,,,,,,,,,,,,,,,,,,,,,,,,,,,,,,,,,,,,,,,,,134.99,,,170.0,,,,117.0,,130.0,,110.0,,,,,,,,,,,,,,,,,,,,,,,,,,,,,,,,,,,,,,,,,,,,,,,,,,,,,,,,,,,,,,,,,,,,,,,,,149.99,165.74,115.0,,,152.5,159.81,132.5,144.99,,160.12,,127.31,109.99,135.0,125.0,150.0,,144.97,129.99,139.0,,94.77,,,,139.99,134.99,88.0,,,134.5,,134.17,,,,,,130.0,129.99,124.5,125.0,128.4,,184.16,135.15,81.5,,140.0,,120.0,,149.95,,,127.0,,129.99,159.0,,,,129.99,,,145.0,,,,182.49,,139.99,137.5,,,,116.5,127.5,,149.99,,75.0,,145.0,135.0,132.5,,,149.95,126.66,149.95,,,139.99,,,,,,
Core i5-12400,,,,,139.0,,,,,,,,,,,,,,,,,,,,,,,,,,,,,,,,,,,,,,,,,,102.49,,,,,114.79,95.0,115.25,,,,,,,,,,,,,,,,,,,,,,,,,,139.99,,,,,,,,,,,124.99,,,,,,,,,,,,,,,,,,,,,,,,,,,,,,,,,,,,,,90.0,114.0,109.97,108.01,51.0,52.5,,60.0,113.5,75.0,,120.99,,97.5,,103.24,89.5,,,,,,91.75,,101.3,112.49,,24.0,,,54.95,122.47,115.0,100.0,115.99,,,,96.0,,102.5,96.25,112.25,,152.33,115.0,100.0,115.0,100.0,100.0,122.49,110.0,95.0,119.99,,,117.24,98.47,100.0,,103.99,,115.0,,,,,37.0,105.0,100.0,,279.49,121.83,111.0,102.5,120.0,110.0,104.5,104.67,118.0,,110.28,,106.66,,,,,124.0,114.99,99.99,129.99,,147.83,,,,,,
Core i5-12400F,,,,,,,,,,,,128.0,,,,,,,,,,,,,,,,,,,,,,,,,,,,,,,,,,,77.33,,,,117.79,129.59,91.66,101.12,86.5,,,,,,,,,,,,,,,,,,,,,,,,,,,,,,,,,,,,,,,,,,,,,,,,,,,,,,,,,,,,,,,,129.15,,,,,,,,,99.99,103.66,94.67,89.95,99.88,71.5,99.95,99.0,91.13,,101.83,,87.33,94.97,,104.95,,77.66,,91.33,94.47,,,111.66,,,33.0,97.26,90.0,,,,89.91,,,97.99,64.95,,,104.95,96.64,92.33,102.97,89.0,157.81,94.75,92.0,95.0,88.88,162.5,95.0,100.0,99.99,77.43,,,93.5,96.0,99.99,83.5,,91.33,,103.0,,99.99,,,95.49,91.99,106.66,,94.5,147.0,101.12,195.0,109.0,100.0,,93.38,103.71,91.99,93.0,95.5,95.0,88.0,89.99,101.24,,78.51,101.61,89.84,100.0,,100.0,,,,,108.0,142.31
Core i5-12500,,,,,,,,,,,,,,,,,,,,,,,,,,,,,,,,,,,,,,,,,,,,,,,129.0,,,,126.0,130.31,120.0,137.5,119.99,,,,,,,,,,,,,,,,,,,,,,,,,,,,,,,,,,,,,,,,,,,,,,,,,,,,,,,,,,,,,,,,,,,,,,,,,,,,,124.5,119.99,,107.99,,133.55,117.99,,,113.0,216.5,122.93,,,120.0,119.3,111.32,,125.0,,,,126.5,167.95,103.99,,,105.5,362.0,127.47,129.95,125.49,115.0,79.74,,115.0,109.95,189.0,119.47,,299.0,,,110.79,,115.0,124.62,100.0,109.95,,,,120.0,108.7,125.0,106.83,,,,130.62,,123.0,,,124.65,120.0,,,117.49,110.0,12.0,125.0,,127.99,149.0,139.5,140.0,115.0,105.47,124.99,115.0,126.19,,,,,,,,,140.0,,,,,124.99,116.25
Core i5-12600,,,,,,,,,,,,,,,,,,,,139.99,,,,,,,,,,,,,,,,,,,,,,,,,,,,,,,,,,137.73,,,,,,,,,,,,,,,,,,,,,,,,,,,,,,,,,,,,,,,,,,,,,,,,,,,,,,,,,,,,,,,,,,,,,,,,,,,,149.99,,,,139.99,,,77.0,,,,,119.99,,,,115.0,,,,100.0,130.0,,,119.73,,,,,129.0,,120.0,,,,,,,,,,,,,115.0,,,,,,,,,,,,,,,,,275.0,,,,,,46.0,,119.99,,,,,144.95,,,139.99,,,,,,,,124.99,,,,,,,,,,,,,
Core i3-12100,,,,,,,,,,,,,,,,,,,,,,,,,,,,,,,,,,,,,,,,,,,,70.33,,,,,,,75.0,,67.49,80.25,,,,,,,,,,,,,,,,,,,,,,,,,,,,,,,,,,,,,,,,,,,,,,,,,,,,,,,,,,,,,,,,,,,,96.99,,,,,,,,67.25,83.0,84.5,,74.4,,,65.0,,,,74.99,,70.0,,77.25,,79.82,75.0,,,,,,63.46,,67.47,,,72.38,75.0,67.9,83.99,,,,,,,72.0,59.99,70.0,,71.97,,77.99,,98.0,,75.0,,,90.0,,,,71.0,74.99,,70.0,,,,,72.67,,,,92.99,,,72.47,,72.49,,,74.99,109.99,72.39,99.99,,50.0,,100.5,74.0,,,,64.99,98.0,,,75.0,,,,,,74.99
Core i3-12100F,,,,,,,,,,,,,,,,,,,,,,,,,88.74,,,,,,,,,,,,,,,,,,,,,,,,,,62.66,73.11,63.49,68.83,71.0,,,,,,,,,,,,,,,,,,,,,,,,,,,,,,,,,,,,,,,,,,,,,,,,,,,,,,,,,,,,,,,,,,,,,,,,,,,68.33,,,40.98,65.82,67.0,73.11,64.99,,,42.17,,,67.5,,20.0,46.0,55.25,72.5,,,86.73,,55.0,64.0,,69.0,,,60.0,,40.05,60.5,76.46,,80.0,,62.5,,,60.01,,25.0,70.0,59.99,69.0,64.24,58.75,62.25,,,55.0,55.0,,,61.0,75.0,65.0,,,,61.67,,,60.0,,69.94,69.99,72.66,,61.25,73.32,,56.0,,,,55.0,,,,70.99,,,,79.95,,,,56.5,30.0,,,,,,,,
Core i3-12300,,,,,,,,,,,,,,,,,,,,,,,,,,,,,,,,,,,,,,,,,,,,,,,,,,,,,,,,,,,,,,,,,,,,,,,,,,,,,,,,,,,,,,,,,,,,,,,,,,,,,,,,,,,,,,,,,,,,,,,,,,,,,,,,,,,,,,,,,,,,,,,,,,,,,,,,,,,,,,,,,,,,,,,,,,,,,,,,60.01,,,,,,,,,,,65.0,,,,,,,,,,,,,,,,,,,,,,,,,,,,,,,,,,,,,,,,,
Core i9-11900,,,,,,,,,,305.99,,,,,,,,,,,,,,,,,,,,,,,,,,,,,,,,,,,,,,,,,,,,192.8,,,,,,,,,,,,,,,,,,,,,,,,,,,,,,,,,,,,,,,,,,,,,,,,,,,,,,,,,,,,,,,,,,,,,,,,,,,199.99,,,294.98,249.0,,,199.99,,205.0,,,194.5,265.59,,,73.76,,,179.99,,,,,,,,80.36,,,154.5,,,,,,,,,,180.0,,,,,168.1,,198.88,,,,,,,,,105.0,147.5,,,,93.99,,,179.0,,,189.99,,,,,,,,,,,,,,190.0,,,,95.39,,,196.0,,,,,,,,,,,
Core i9-11900F,,,,,,,,,,,,,,,,,,,,,,,,,,,,,,,,,,,,,,,,,,,,239.38,,,200.0,,,,254.8,,,,,,,,,,,,,,,,,,,,,,,,,,,,,,,,,,,,,,,,,,,,,,,,,,,,,,,,,,,,,,,,,,,,,,,,,,,,,,,,,199.49,,,,,,,,,,,,,,,,,,229.59,,,,199.99,,,,,,,,,,,,,,,154.5,,,,,152.5,,,239.99,,,,,,,,,133.5,,,,,,,,,,,,,,,,,,,235.0,,,,,,,,,,,,,174.99,,,,,,,,,,
Core i9-11900K,,,,,,,,,,,,,,,,,,,,,,,367.36,,,,,,,,,,,,,,,,,,,,,225.0,,,,,,,223.66,,125.99,215.66,123.0,,,,,,,,,,,,,,,,,,,,,,,,,,,,,,,,,,,,,,,,,,,,,259.0,,,,,,,,,,,,,,,,,,,,,,,,,,,,213.99,,,186.27,176.25,,189.95,182.16,180.5,192.5,210.0,,,171.62,,195.5,220.0,,210.0,279.99,205.82,,,226.24,,167.5,175.0,204.99,214.98,,,199.99,189.99,204.62,193.5,218.0,,217.5,,162.09,259.0,209.99,189.99,,,,194.75,150.0,,200.0,155.0,162.0,135.99,185.0,190.48,,190.0,,,195.99,,286.99,250.0,204.99,,,190.0,,209.99,190.0,184.98,,157.66,,176.0,,179.25,,185.0,100.0,,,190.0,,186.25,228.94,175.99,,,189.98,180.0,197.75,207.5,,276.79,,,,,,199.95
Core i9-11900KF,,,,,,,,,,,,,,,,,,,,,,,,,,,,,,,,,,,,,,,,,,,,176.25,288.27,,222.5,,,,,320.0,209.99,,,,329.0,,,,,,,,,,,,,,,,,,,,168.0,,,,,,,,,,,,,165.99,,,,,,,,,,,,,,,199.0,,,,,,,,,,,,,,,234.52,,,,,,,,,,,185.0,,159.99,,,252.96,204.99,,,,,216.33,28.04,200.87,,244.99,,,,,278.0,,199.99,,,214.99,,,165.67,246.55,278.0,,,,,,26.76,,187.67,,204.0,66.27,,206.45,,,,154.5,,,,178.84,,,,242.14,,,140.0,52.25,,,,,,,280.36,,,206.19,,,140.25,197.94,242.14,210.0,,,,,,150.0,,189.99,,,,175.0,,,,185.0,,,,,160.0,
Core i7-11700,,,,,,,,,,,,,,,,,,,,,,,,,,,,,,,,,,,,,170.0,,,,,,,559.0,,,92.53,,,,159.99,,195.55,,,,,,,,,,,,,,,,,,,,,,,,,,,,,,,,,,,,,,,,,,,,,,,,,,,,,,,,179.99,,,,,,,,,,,179.0,,,,,,,,150.0,,168.5,,,,219.92,157.5,,,162.75,,139.99,,215.03,180.61,,,,45.0,,,,286.75,,,163.5,,155.0,,,152.0,149.0,,90.0,174.99,,,,,,179.38,199.99,179.99,60.0,147.99,,200.0,180.47,190.11,250.0,,170.0,,,,151.5,,132.5,,,,199.99,,,,,,199.98,,204.14,,199.0,,,155.0,189.0,185.0,177.55,244.98,159.99,,,,173.5,,172.47,,,125.0,141.25,222.0,,,,,,,,,195.86
Core i7-11700F,,,,,,,,,,,,,,,,,,,,,,,,,,,,,,,,,,,,,,,,,,,,121.76,,,141.67,,,,,,135.99,127.5,127.47,,,,,,,,,,217.9,,,,,,,,,,,,,,,,,,,,,,,,,,,,,,,,,,,,,,,,,,,,,,,,,,,,,,,,,133.48,,,,,,128.95,,134.73,,135.0,,,10.5,130.0,149.99,148.58,,132.97,135.77,,135.99,,,109.99,149.99,,,,134.99,,127.98,159.99,145.0,,,,,144.99,135.75,124.99,,135.99,,,149.99,,124.75,125.26,,145.0,120.0,154.5,,,,,133.95,133.95,128.95,,,140.63,,128.99,,,119.99,,,,,,230.27,110.0,,144.99,,135.0,75.0,,,140.0,,124.5,,131.83,135.0,,140.0,229.99,149.99,,,,,,,,,68.74,,145.0,,,,174.99
Core i7-11700K,,,,,,,,249.0,,,,,,,,,,,,,,,,,,,,,,,,,,,,,,,,,,,,175.0,,,164.99,,,,156.72,165.0,169.0,175.0,,,,,,,,,,,,,,,,,,,,,,,,,,,,,,,,,,,,,,,,,,,,,,,,,,,,,,,,,,,,,,,,,,,,,,,,,,157.5,199.5,15.0,184.99,178.75,,184.99,157.75,136.0,,147.33,,172.99,162.5,180.5,230.18,,167.33,153.27,168.5,152.5,,185.0,188.33,,167.25,170.0,197.77,186.0,551.81,,200.0,162.5,169.95,135.0,,,164.5,,125.0,115.11,159.0,169.99,,170.0,133.43,,,,,180.0,,229.99,,165.0,,,,185.0,154.99,,149.99,165.0,161.44,,145.0,,,152.0,165.25,,,174.59,204.99,169.99,159.97,87.25,,145.0,,182.49,150.0,139.0,,,,150.42,,,,180.0,145.0,150.68,,142.5,,,,,,
Core i7-11700KF,,,,,,,,,,,,,,,,,,169.99,,,,,,,,,,,,,,,,,,,,,,,,,,,,,175.65,,,,,150.0,173.03,,,,,,,,,,,,174.99,,,,,,,149.99,,,,,,,,,,,,,,,,,,,,,,,,,,,,,,,,,,,,,,,,,,,,,,,,,,,,,,,,,,,144.99,,157.0,,,149.99,,163.5,,150.25,,179.99,175.0,,,,122.49,131.25,,122.49,148.75,,,,,,,,,,,,145.0,,,,,,,,,,,45.0,,,,,152.99,148.88,,,,149.95,,,,,149.99,149.99,155.85,,,,,,175.0,155.0,,,,,,,132.32,,,149.99,95.25,,,,,,,,81.05,229.99,124.99,149.95,,12.5,,,,,,
Core i5-11400,,,,,,,,,,,,,,,,,,,,,,,,,,,,,,,,,,,,,,,,,,,,,,,,,,,105.97,,84.99,93.23,,,,,,,,,,,,,99.99,,,,,,,,,,,,,,,,,,,,,,,,,,,,,,,,,,,,,,,,,,,,,,,,,,,,,183.62,,,,,,,,,,89.99,,,,,70.0,,71.01,,,,,,77.5,71.0,,78.5,,,,,,,,,,,,,79.0,99.0,90.39,,,,,,,,,,,90.75,,107.99,,74.99,52.25,,,102.65,,,,84.0,,145.0,93.99,,89.99,94.99,,,,,,100.0,96.47,,,82.84,153.6,,,80.0,,75.0,75.0,,,,,,,,,,,,98.0,,,,,,,,,
Core i5-11400F,,,,,,,,,,,,,,,,,,,,,,,,,,,,,,,,,,,,,,,,,,,,,,,83.0,122.49,,,70.5,68.0,,95.0,81.49,,,,,,,,75.99,,,,,105.0,,,,,,,,,,,,,,,,,,,,,,,,,,,,104.33,,,,,,,,,,,,,,,,,,,,,,,,,,,,,,,,,74.47,182.46,,75.99,77.87,75.0,65.0,79.99,84.97,,,84.0,,82.5,70.0,80.0,70.5,69.99,79.0,78.0,,71.63,74.25,,93.88,78.49,73.5,155.0,,,,,78.8,70.5,81.49,,,,,,79.0,115.24,85.0,,70.0,,67.5,,77.0,70.0,80.0,79.99,,,,,79.97,79.0,69.0,,45.25,81.49,,,,,,74.76,67.5,,,74.99,,84.24,79.99,,70.0,115.0,69.0,74.99,,,,,88.5,,74.99,,77.49,79.99,40.0,87.0,,,,,,,,
Core i5-11500,,,,,,,,,,,,,,,,,,,,,,,,,,,,,,,,,,,,,,,,,,,,,,,90.48,,,,129.38,89.97,84.98,95.99,,,,,,,,,,,,,,,,,,,,,,,,,,,,,,,,,,,,,,154.96,,,,,,,,,,,,,,,,,,,,,,,,,,,,,,,,,,,,,,284.92,,,,,74.0,,85.0,,,,99.99,100.0,90.48,109.95,,89.99,80.0,,,,,,,,,,,,,75.0,77.99,75.0,,97.67,113.5,,99.99,,,,85.0,,89.99,,,,98.0,188.0,,99.99,,,,,,74.99,88.79,,,101.0,,,130.0,99.0,,99.99,,95.99,,81.51,88.55,,,85.01,,,,89.66,91.99,,,,,82.0,79.95,,,82.0,,,,56.0,,,,,,
Core i5-11600,,,,,,,,,,,,,,,,,,,,,,,,,,,,,,,,,,,,,,,,,,,,,,,,,,,109.0,,,,,,,,,,,,,,,,,,,,,,,,,,,,,,,,,,,,,,,,,,,,,,,,,,,,,,,,,,,,,,,,,,,,,,,,,,,,,,,,,,,,,,,,,,229.99,,,116.99,,,,,,,,,,90.0,,,,,,,,,,,99.99,,,,140.0,,,,,,,,,,,,,,,,,,,,,,,,,117.99,,,,,,,,,,99.99,,,,,,108.99,,,,,,,,,,,,,,,,,,
Core i5-11600K,,,,,,,,,,,,,,,,,,,,,,,,,,,,,,,,,,,,,,,,,,,,,,,124.33,,,,119.96,130.0,,,125.99,,,,,,,,,,,,,,,,,,,,,,,,,,,,,,,,,,,,,,,,,,,,,,,,,,135.95,,,,,,,,,,,,,,,,,,,,,,,,159.99,,101.74,100.0,,239.99,140.0,99.99,117.99,,,97.0,,120.0,109.0,,130.31,,,,,,,,124.0,129.0,,131.33,,,,,,,,,,,110.0,,119.99,,,,,103.0,119.8,,,99.0,112.99,119.99,97.0,139.91,,,,,,,,,100.0,,,100.0,,100.0,125.99,,,,229.99,,,,,,,,,169.95,,120.0,,,,,,,,,,147.0,,,,140.79,,
Core i5-11600KF,163.81,,,,,,,,,,,,,,,,,,,,,,,,,,,,,,,,,,,,,,,,,,,,,,,,,,,114.28,,,,,,,,,,,,,,,,,,,,,,130.13,,,,,,,,,,,,,,,,,,,,,,,,,,,,,,,,,,,,,,,,,,,,,,,,,,,,,,,,,100.0,,285.34,,,,,92.12,,114.99,,,,,,119.99,,,,,132.0,,74.0,25.0,,,,,,,,107.0,115.0,149.99,,,,95.0,30.0,,,,,,,,,132.0,,,,100.0,,,,,,,,,,,,,,94.99,114.99,,,,,,,,,100.0,,,,,,,,,,,,,,,,107.8,,,,,,104.99
Core i9-10900,,,,,,,,,,,,,,,,,,,279.99,,,,,,,,,,,,,,,,,,,,,,,,,,,,267.7,,,,189.99,269.99,,,,,,,,,,,,,,,,,,,,,,,,,,,,,,,,,,,,,,,,,,,,,,,,,,,,,,,,,,,239.0,,,,,,,,,,,,,,,,,229.99,219.99,,,225.77,,,,,199.0,219.99,,120.0,,,,,,219.6,,,,260.0,,,,141.75,239.95,152.5,,,,225.5,,,306.99,,,,,,,,,,,,215.99,185.0,,195.95,200.0,,219.0,176.21,,,,,79.5,,,,,,189.99,,,,265.68,220.0,,,240.0,,,,,,180.0,189.99,,219.0,,,219.99,,310.0,,,,,213.5,,,,,,,,230.17
Core i9-10900F,,,,,,,,,,,,,,,,,,,,,,,,,,,,,,,,174.99,,,,,,,,,,,,,,,,,,,281.0,,,,,,,,,,,,,,,,,,,,,,,,,,,,,,,,,,,,,,,,,,,,,,,,,,,,,,,,,,,,,,,,,,,,,,,,,,,,,,152.5,,,,,,,,49.0,161.0,,239.99,,,,,,,,,,,,,,187.51,,,,,,,159.24,,189.99,,,,,,160.0,,,,,,,179.99,,,,,,,,,180.95,189.0,,,,65.0,,,,,,,220.0,,,,,215.0,,,,,,,,,,,,,,,,167.44,189.0,,,172.5,,,,,,164.99
Core i9-10900K,,,,,,,,,,,,,,,279.0,,,,,264.99,,,,,,,,,,,,,,,,,,,,,,,,,,,,,,,290.2,280.79,299.99,280.0,265.0,,,,,,,,,,,,,,,,,,,,,,,,,,,,,,,,,,,,,,,,,,,,,,,,,,,,,,,,,,,,,,,,,,,,,,,249.99,,243.0,250.99,314.99,,,249.75,,250.0,313.0,238.75,289.32,,219.99,274.99,279.99,156.0,249.99,248.32,250.32,168.75,250.0,,310.0,,,220.0,499.89,242.5,270.0,,,239.0,244.38,292.75,,,250.0,270.0,,219.5,179.5,,255.0,255.96,210.5,289.99,234.17,256.22,242.5,,,325.5,,270.0,,,240.0,,236.17,312.49,,280.0,164.99,,,,,,265.24,280.0,278.99,,299.0,249.67,,,,,319.0,298.67,274.5,,,,312.5,,,49.99,,301.5,187.5,,,,,,,,,,299.99
Core i9-10900KF,,,,,,,,,,,,,,,,,,,,,,,,,,,,,,,,,,,,,,,,,,,,175.99,,,,,,,49.95,,,,,,,,,,,,,,,,,,,,,,,,,,,,,,,,,,,,,,,,,,,,,,,,,,,,,,,,,,,,,,,,,,,,,,,,,,,,,215.0,,,,,,,282.57,198.99,,282.57,,244.99,279.88,,,177.5,,202.5,179.99,,,295.0,,,202.5,192.18,215.0,,,,,,250.0,,,249.95,,,,,179.0,,195.0,,,202.5,,,,,,,,,,,209.5,207.75,,,,,,,200.0,,,182.0,185.91,,,,,,,,225.0,225.0,,,,,,175.5,,,282.57,,,,240.0,,,,,,,,,
Core i7-10700,,,,,,,,,,,175.0,,,,,185.0,,,,,,,,,,,,,,17.12,,,,,,,,,,,,,,183.7,,,183.11,,,,196.0,292.22,166.09,177.68,,,,,,,,,,,,,,,,,,,,,,,,,,,,,,,,,,,,154.0,,,,,,,,,,,,,,,,,,174.99,,,,,,,,,,,,,,,,,,379.95,,161.39,176.67,199.99,194.49,168.0,157.79,175.54,175.0,169.99,170.96,180.89,,174.37,179.54,143.61,168.8,145.0,137.77,172.95,172.14,184.14,,172.51,312.52,,161.66,170.0,140.03,470.5,,,175.64,149.7,165.9,167.16,172.12,173.99,235.06,,146.83,,176.84,162.24,160.37,173.62,164.13,165.0,160.98,104.57,324.22,165.56,169.25,147.49,177.49,157.32,,147.25,167.0,166.33,160.81,,165.75,173.62,177.99,,187.3,151.28,,137.61,146.5,186.0,,,,,,,,195.99,179.0,168.99,156.21,163.66,175.0,158.33,,160.98,154.57,,167.3,163.55,174.5,179.49,,171.08,,,,,175.0,
Core i7-10700F,,,,,,,,,,,,,,,,,,,,,,,,,,,,,,,,,,,,,,,,,,,,125.0,,,120.0,,,,169.99,160.0,,,,,,,,,,,,,,,,,,,,,,,,,,,,,,,,,,,,,,,,,,,,,,,,,,,,,,,,,,134.99,,,,,,,,,,,,,,,,,,150.0,,,133.99,,,,,150.0,129.99,172.0,,,,,169.99,,,126.0,145.0,105.0,,,,,,108.2,140.0,,,,142.5,,139.0,139.0,110.42,,,,145.0,,,120.0,99.99,,,,150.07,127.15,,,120.0,130.0,100.0,,,,149.97,,,,119.99,,111.0,,,155.0,,,,,,126.75,150.58,,,,,135.0,125.0,,,,,,130.0,111.47,132.5,,,,129.0,250.0,,150.0,,,,,,
Core i7-10700K,,,,,,,,,,,,,,,,,,,,,162.99,,,,,,,,,,,,,,,,,,,,,,,,,,171.0,,,,175.0,190.0,,184.99,,,,,,,,,,,,,,,,,,,,,,,,,,,,,,149.99,,,,,,,,,,,,,,,,,,,,,,,,,,,,,,,,,,899.99,,174.99,,,,,,,,126.0,,157.91,,160.0,168.99,175.6,,174.47,163.99,150.0,,,164.99,201.71,162.55,,169.99,154.16,160.0,184.66,,275.0,349.0,,,,,139.99,,,247.5,,160.0,169.0,159.33,169.44,165.0,,121.85,140.5,154.0,,133.75,94.0,149.99,190.0,,,170.0,449.99,147.5,173.49,150.0,170.0,,,140.57,140.0,168.99,,,,,,139.0,,,158.0,200.0,175.49,,160.92,187.47,290.0,150.0,152.1,150.0,189.0,144.5,148.75,,218.55,127.69,,270.39,151.37,182.97,,,144.99,,153.3,,172.5,,165.99,,,,184.33
Core i7-10700KF,,,,,,,,,,,,,,,,,,,,,,,,,,,,,,,,,,,,,,,,,,,,,,,,,,,,149.99,169.0,149.99,,,,,,,,,,,,,,,,,,,16.0,,,,,,,,,,,,,,,,,,,,,,,,,,,,,,,,,,,,,,,,,,,,,,,,,,,,,,,161.17,,174.99,,,,,,,,,,,161.99,,,,,,159.38,215.95,,,,,,,165.0,,,,248.5,,,150.0,,,203.15,,,,,,,209.0,,,,180.0,,,,,,,,,,,,,,,152.5,272.13,,,,,160.0,189.99,,,,,,,150.0,,,149.33,,,,,,,,,,142.87,,,,,,,,,,
Core i5-10400,,,,,,,,,,,,,,,,,94.89,,,,,,,,,,,,,,,,,,,,,,,,,,,81.25,,,79.99,,,,85.0,68.8,80.0,82.25,,,,,,,,,,,,,,,,,,,,,,,,,,,99.99,,,,,,,,,,,,,162.92,,,,,,,,,,,,,,,,,,,,,,,,,,,,,,,110.0,,,85.0,82.0,75.0,79.99,135.0,79.62,80.0,,79.5,79.0,87.0,,,89.99,88.36,77.69,,83.99,86.5,86.19,86.49,,80.5,81.65,,,67.7,97.24,75.48,,,100.0,73.5,89.0,78.41,114.99,70.0,81.66,,75.0,90.0,81.71,170.0,75.0,,91.59,,122.59,79.99,69.2,78.4,,78.47,,,,75.0,76.25,80.04,85.16,,69.33,83.86,85.0,,67.99,88.0,,69.0,87.6,81.0,,76.33,77.16,68.0,97.47,84.0,,83.5,70.0,72.12,77.0,99.99,70.75,83.97,87.99,81.96,76.32,,127.17,104.75,,72.0,75.99,77.8,,,,,,75.95
Core i5-10400F,,,,,,,,,,,,,,,,,,,,,,,,,,,,,,,,,,,,,,,,,,,,55.55,,,74.99,,,,75.0,70.0,65.99,104.95,,,,,,,,,,,,,,,,,,,,,,,,,,,,,,,,,,,,,,,,,,,,,,,,,,,,,,,,,98.57,,,,,,,,,,,,,,,,,75.49,51.0,68.0,,61.99,64.99,,,72.5,67.0,,,,,73.31,75.0,93.99,44.0,54.5,96.2,69.99,,,71.5,,,66.66,65.66,67.0,,,,49.0,68.5,64.0,,65.99,,,,67.0,80.0,105.59,72.99,61.0,74.98,,70.59,,82.0,69.98,55.0,72.99,53.48,109.67,,60.5,,64.0,17.73,,,58.33,74.99,,,,,70.0,79.99,67.5,,63.66,,64.99,,61.0,63.99,,64.49,59.11,73.49,,80.0,68.5,68.99,74.98,,,63.98,69.98,65.0,73.99,,72.49,,,,,,
Core i5-10500,,,,,,,,,,,,,,,,279.99,,,,,,,,,,,,,,,,,,,,,,,,,,,,,,,154.16,,,,236.13,209.22,103.93,149.59,135.44,,,,,,,,,,,,,,,,,,,,,,,,,,,,,,,,,,,,,,,,,,,,,,,,,144.97,,224.99,,,,299.99,,273.85,,279.99,,,,82.8,,,,,,,,,,77.5,90.77,157.41,126.18,154.5,105.68,130.78,100.0,110.69,126.33,147.64,,90.0,185.5,123.19,178.33,145.43,176.25,146.65,252.61,135.85,,77.0,187.37,,189.12,185.58,144.93,90.97,,,232.48,139.36,86.36,155.43,,,,,,,,,,,336.13,,249.99,,,108.36,82.06,199.88,199.36,,,111.8,140.83,238.9,,,129.82,,,,,,,,,,,,,,,,,,,,,,,,,,289.0,,250.0,,,,,167.49,,,,,,
Core i5-10600,,,,,,,,,,,,,,,,,,,,,,,,,,,,,,,,,,,,,,,,,,,,559.0,,,85.0,,,,97.49,,,90.0,,,,,,,,,,,,,,,,,,,,,,,,,,,,,,,,,,,,,,,,,,,,,,,,,,,,,,,,95.0,,,,,,,,70.3,,,,,,,,,,,,114.5,,96.99,94.99,,,,99.99,,,,,,,,86.5,88.14,99.99,,,,,,,,,,,,136.5,96.66,800.0,,85.98,,75.0,,,81.0,79.99,79.99,,,,,,,89.99,79.95,,,89.99,,,,,,81.24,,90.0,,99.99,,99.0,,,94.99,,70.0,,,,,,218.5,84.0,76.5,71.99,87.49,,,,,79.33,,72.0,,,88.5,,,,,,,,,,
Core i5-10600K,,,139.0,,,,,210.26,,,,,,,,,,,,,,,,,,,,,188.59,,,,,,,,,,,,,,,,,,,,,,99.99,137.99,,80.0,,,,,,,,,,,,,,,,,,,,,,,,,,,,,,,,,,,,,,,,,,,,,,,,,,,,,,,,,,,,,,,,,,,,,,,,,,,,99.99,79.5,91.09,,,,,87.5,95.49,,99.99,,99.99,90.0,,92.99,108.47,,88.97,,,84.5,,82.0,109.59,,,,,,,,,,,89.98,,84.95,,,,,,,83.35,,69.0,76.0,,,,,,,80.0,120.06,70.0,,,,,129.99,,,79.0,,85.0,78.3,80.0,,,90.0,,,,63.0,85.0,75.0,89.99,,95.0,,,84.99,,102.79,,149.99,92.99,79.99,95.0,,75.0,,,,85.99,,
Core i5-10600KF,,,,,118.44,,,,,,,,,,,,,,,,,,,,,,,,,,,,,,,,,,,,,,,,,,79.99,,,,109.99,83.99,,111.45,,,,,,,,,,,,,,,,,,,,,,109.0,,,,,,,,,,,,,,,,,,,,,,,,,,,,,,,,,,,,,,,,,,,,,,,,,,,,,,75.0,89.99,,,,,,,,,,,,,,79.0,79.0,,,,93.46,,,79.99,89.99,,,,,,69.99,,,,,58.0,,70.0,,,,,71.0,,89.75,92.99,64.0,,62.67,,74.99,,,,,,93.46,,,,,,,,,,,64.0,,,,,,,95.99,,,,93.46,,76.99,,,,,,,,,,,,,,,,,,
Core i3-10100,,,,,,,,,,,,,,,,,,,,,,,,,,,,,,,,,,,,,,,,,,,,40.0,,,84.33,,,,56.22,141.66,63.74,74.58,,,,,,,,,,,,,,,,,179.99,,,,,,,,,,,,,,,,,,,,,,,,,,,,,,,,,,,,,,,,,239.99,,,,,,,,,,,,,,,,,138.27,51.73,275.31,84.75,59.95,,61.3,61.48,,76.49,,53.0,55.0,69.35,70.0,,86.62,82.31,111.0,61.0,,,64.99,,,58.5,60.56,47.0,,,60.39,55.39,137.25,41.95,,100.33,123.37,,42.0,82.05,55.99,78.0,,50.0,59.99,46.67,125.0,,84.1,93.0,86.13,81.25,66.75,,,65.23,,,,,55.0,,103.5,,75.2,86.32,111.03,52.0,105.0,58.31,,60.65,112.49,,64.22,81.23,74.99,,49.67,52.0,59.99,,70.0,49.99,116.77,65.28,99.99,,,,,,,,,,,,,
Core i3-10300,,,,,,,,70.56,,,,,,,,,,,,,,,,,,,,,,,,,,,,,,,,,,,,,,,,,,,,,,,,,,,,,,,,,,,,,,,,,,,,,,,,,,,,,,,,,,,,,,,,,,,,,,,,,,,,,,,,,,,,,,,,,,,,,,,,,,,,,299.99,,,,,,,,,,,,,,,,133.07,,,,,,,,,,,,,,,,,,69.5,,,,,69.99,,,,,,54.99,,,,,,,,,,,,,,,,,,,,,,,,,,,,,,,,,,62.99,,,,,,,,,,,,,,,,
Core i3-10100F,,,,,,,,,,,,,,,,,,,,,,,,,,,,,,,,,,,,,,,,,,,,50.0,,,,,85.17,,31.0,45.0,92.5,,,,,,,,,,,,,,,,,,,,,,,,,,,,,,,,,,,90.79,,,,,,,,,,,,,,,,,,,,,,,,,,,,,,,,,,,,,,,,50.0,38.99,47.5,47.0,,,37.5,,44.64,,,,,47.85,,,,33.0,67.5,,,,,37.49,,,24.82,43.99,34.0,,,,44.99,44.29,,41.75,,,,,,38.0,65.5,34.0,18.5,52.0,,69.89,50.0,37.0,39.99,55.0,,,,,,44.99,,,,,,,,,,,,,40.0,,45.0,,,,37.0,,40.0,,,,,,45.0,49.99,50.0,35.5,,,38.0,41.49,,71.4,45.0,,,,,,42.95
Core i9-9900K,,,,,,,,,,,,,,,,,,,,,,,,,,,,,,,,,,,,,,,,,,,,106.0,,,226.0,,,,211.47,205.99,197.09,182.11,193.25,,,,,,,,,,,239.0,,,,,,,,,,,,,,,,229.99,,,,,,,,,,,,,,,,,,,,,,,,,,,,,,,,,,,,,,,,,,,,,,219.19,209.66,270.41,186.5,,212.43,196.17,180.61,188.82,236.04,210.97,,194.5,231.79,182.91,181.25,195.6,206.16,249.99,230.37,238.78,,256.66,225.6,,222.0,204.61,209.79,498.75,,,274.5,197.67,257.12,185.8,231.63,182.5,262.2,,274.81,181.88,166.74,211.17,199.99,223.92,229.35,229.5,194.99,256.31,206.0,270.73,226.7,216.25,198.65,220.0,,,199.98,265.75,137.49,,,197.82,173.0,,186.75,195.67,,235.46,206.84,214.49,179.0,228.75,254.98,223.97,216.33,243.7,237.0,298.75,189.32,231.93,230.66,312.72,,,190.5,146.0,299.0,,184.94,209.66,220.28,215.31,,171.75,,,,,,212.96
Core i9-9900KF,,,,,,,,,,,,,,,,,,,,,,,,,,,,,,,,,,,,,,,,,,,,296.76,,,239.0,,,,250.0,,,231.65,230.0,,,,,,,,,,,,,,,,,,,,,,,,,,,,,,,,,,,,,,,,,,,,,,,,,,,,,,,,,,,,,,,,270.0,,,,,,,,,99.75,200.0,,,209.99,,,,,,,,,239.0,,245.0,,248.51,193.0,,,,,212.67,,,248.0,,,,,,349.88,,195.0,,,193.98,,,300.0,,198.99,,,290.0,,,200.25,,185.5,,,200.0,248.0,,,234.95,,215.99,,216.0,,,,199.99,,,,,,,,,199.83,179.66,308.0,199.0,239.99,,,,236.5,,,,219.99,,,259.99,240.0,,,,,,,,,,
Core i9-9900,,,,,,,,,,,,,,,,,,,,,,,,,,,,,,,,,,,,,,,,,,,,,,,178.0,,,,209.49,157.58,219.99,195.0,199.99,,,,,,,,,,,,,,,,,,,,,,,,,,,,,,,,,,,,,,,,,,,,,,,,,,,,,,,,,,,,,,,,,,,,,,,,,257.5,214.99,,209.99,,219.99,,137.14,,11.19,,,,181.57,199.95,,,198.0,,200.0,,,202.99,200.0,,,199.75,,,,,,209.99,,,,248.33,,,,214.99,,,279.0,214.99,229.99,225.0,,,220.0,,217.5,342.44,,,,199.98,33.33,,219.95,,,152.5,,,230.0,,,234.5,,212.99,,257.5,,,199.95,,,259.99,,,,,,,,215.0,230.83,,230.0,,,,,,,,,,190.0,271.29
Core i9-9900KS,,,,,,,,,,,,,,,,,,,,,,,,,,,,,,,,,,,,,,,,,,,,,,,,,,,,,,,390.0,,,,,,,,,,,,,,,,,,,,,,,,,,,,,,,,,,,,,,,,,,,,,,,,,,,,,,,,,,,,,,,,,,,,,,,,,,,,,,,,,,,,,,,,,,394.5,,349.7,,,,,,,,,,,,,399.99,,,349.99,,,,,,,,499.0,373.0,,,,,315.0,,,,,,,339.0,,395.0,,,,,,,,,,,370.0,,,,,,,,,,,,,,,,,,,,395.0,,,,,395.0,,,,,,
Core i7-9700K,,,,,,,,,,,,,,,,,,,,,,,,,,,,,,,,,,,,,,,,,,,,127.78,,,128.44,,,,166.66,121.66,195.5,133.37,140.0,,,,,,,,,,,,,,,,,,135.99,,,,,,129.99,,,,,,,,,,,,,,,,,,,,,,,,,,,,,,,,,,,153.99,,,,,,,,,,,,198.99,,181.62,123.0,118.25,125.07,135.44,131.66,134.99,134.99,117.5,140.42,127.64,,162.5,100.0,130.75,,106.0,120.0,170.0,139.0,118.75,,,130.78,,128.33,148.12,105.12,104.83,,,145.0,137.48,142.35,110.5,120.08,121.7,112.5,,96.83,102.32,133.33,129.38,169.99,131.83,,,122.5,122.0,115.81,126.66,119.0,129.99,144.88,120.0,,123.49,138.0,,121.32,,102.5,99.95,130.34,,135.33,150.0,,172.5,131.38,109.17,,140.1,122.16,111.85,174.74,141.25,124.33,114.83,114.25,118.12,153.67,,120.37,140.0,118.05,113.0,,,155.65,121.1,116.9,110.5,,113.75,,,,,,132.7
Core i7-9700KF,,,,,,,,,,,,,,,,,,,,,,,,,,,,,,,,,,,,,,,,,,,,,,,,,,,,,,,,,,,,,,,,,,,,,,,,,,,,,,,,,,,,,,,,,,,,,,,,,,,,,,,,,,,,,,,,,,,,,,,,,,,,,,,,,,,,,,,,,,,,,,,124.99,,132.99,99.99,,,,127.48,,,139.85,,,,,,,137.99,129.99,,128.99,,,,,,,,,,120.99,,,,,228.88,,,,,,,,,,,,149.0,,,,,,118.99,,,,,,,199.99,,,,,,119.99,,,,,,,,,139.99,,,,,,,,,,
Core i7-9700,,,,129.95,,,,,,,,129.99,,,,,,,,,,,,,,,,,,,,,,,,,,,,,,,,96.25,,,146.99,,,,154.75,75.63,119.28,111.14,335.0,,,,,,,,,,,,,,,,,,,,,,,,,,,,,,,,,224.99,127.99,,,,,,,,,,,,,128.99,,,149.99,121.99,,,,,,109.99,,49.99,,,,,,,,133.99,119.99,,,,,95.21,96.04,222.66,103.09,157.02,118.75,110.5,124.99,98.33,106.19,111.99,,99.0,104.82,100.25,160.3,106.27,284.75,106.31,103.95,110.0,,98.0,221.11,,,99.5,93.66,83.53,,,106.64,101.68,97.6,104.5,94.99,,100.0,,,160.0,,112.5,116.25,173.13,113.66,,,99.07,171.84,109.33,136.55,105.29,104.28,102.5,,179.16,100.08,229.33,,,117.58,111.98,,,,,,,,,,,,,,,,,,,,,,,,,,,107.88,,,,,,,124.99,,,,
Core i7-9700F,,,,,,,,,,,,,,,,,,,,,,,,,,,,,,,,,,,,,,,,,,,,,,,,,,,94.99,,,119.99,89.99,,,,,,,,,,,,,,,,,,,,,,,,,,,,,,,,,,,,,,,,,,,,,,,109.99,,,,,,,,,,,,,,,,,,,,,,,,,,94.0,,,,82.5,55.25,95.97,,109.0,94.0,119.0,,,,,,100.0,76.0,99.98,,,,101.99,106.25,,,99.99,102.49,,,,81.0,,95.99,,,92.75,109.99,,,,,89.99,105.0,113.99,,102.88,,,,108.99,,249.99,99.99,,,,199.0,99.99,119.99,,99.99,,,,,,,191.73,,,,92.12,,,83.5,,109.99,109.99,,,99.99,,,86.0,104.97,,,,,,,,,,,,,,,
Core i5-9600K,,,,,,99.99,,,,,,,,,,,99.99,,,,,,,,,,,,,,,,,,,,,,,,,,,,,,49.0,,,,63.5,54.98,60.24,55.0,51.66,,,,,,,,,,,,,,,,,,,71.99,,,,,,,,,,,,,,,,,,,,,,,,,,,,,,,,,,,,,,,,,,,,,,,,,,,,,,,56.99,,69.53,135.55,,79.99,51.08,61.12,,84.76,,59.99,59.99,57.5,59.31,60.62,,57.5,62.99,,,54.5,,,77.0,50.0,,,,,55.0,54.0,64.99,56.99,53.75,67.99,,,55.0,56.12,,60.0,62.25,61.49,,47.0,,,,,64.76,97.5,,,,70.0,,45.89,,,55.0,55.0,,,62.5,55.99,,57.5,75.0,73.33,,65.99,57.5,64.99,69.0,,59.0,63.31,76.0,55.24,100.0,65.5,69.99,,55.0,66.47,67.07,,72.5,,,52.0,,69.63,,,,,,65.0
Core i5-9400,,,,,,,,,,,,,,,,,,,,,,,,,,,,,,,,,,,,,,,,,,,,,,,54.75,,,,54.99,49.61,68.41,44.0,44.99,,,,,,,,,,,,,,,,,,,,,,,,,,,,,,,,,,,,,,,,,,,,,,,,,209.95,,,,,,,,,,,,,,,,,,,,,,,,,50.0,160.92,112.59,225.05,42.0,35.0,44.16,,,53.13,,,199.99,41.09,48.0,43.67,46.0,49.5,46.66,43.89,,32.0,39.99,,37.5,42.05,43.1,39.99,,,44.47,38.0,33.67,206.38,39.99,44.66,64.0,,34.74,40.0,31.66,45.15,44.5,149.95,61.74,45.42,,40.0,40.63,43.93,42.5,40.45,110.0,,,,,37.5,53.97,,43.92,42.12,47.49,,,,,52.5,44.03,48.0,,79.99,42.0,30.21,114.97,,137.97,38.0,44.15,45.79,52.0,,74.99,50.28,45.99,53.49,74.99,,159.99,62.57,45.0,65.32,,45.98,,,,,40.99,42.25
Core i5-9400F,,,,,,,,,,,,,,,,,,,,,,,,,,,,,,,,,,,,,,,,,,,,,,,29.68,,,,45.99,30.0,26.0,,,,,,,,,,,,,,,,,,,,,,,,,,,,,,,,,,,,,,,,,,,,,,,,,,,,,,,,,,,,,,,,,,,,,,,,,,,44.99,36.99,,44.92,42.5,39.99,33.39,84.58,,27.05,41.35,,,39.99,38.73,,43.25,38.0,49.0,39.5,,,39.99,47.5,,34.99,43.63,,29.57,,,38.06,33.65,,34.0,44.25,33.66,38.0,,39.99,,44.0,,46.97,,,45.91,,,33.62,34.29,36.97,48.4,60.0,39.99,,,47.5,35.0,45.0,,36.39,35.92,,,,44.5,,44.0,39.0,39.0,,47.61,,42.0,40.5,51.0,40.0,,35.0,46.47,50.83,42.9,35.5,,,44.99,42.39,,35.0,79.95,,37.0,,36.25,,,,,,41.93
Core i5-9600KF,,,,,,,,,,,,,,,,,,,,,,,,,,,,,,,,,,,,,,,,,,,,61.96,,,,,,,,43.0,,63.0,,,,,,,,,,,,,,,,,,,,,,,,,,,,,,,,,,,,,,,,,,,,,,,,,,,,,,,,,,,,,,,,,,,,,,,,,,,,59.99,82.49,,,,,,40.29,52.99,,,,,,49.38,59.99,50.0,63.0,,,,,,,,,,,,,,62.45,,,86.93,,,67.49,,,,59.0,57.0,,,,,,50.0,,,,,,,,,,,,,63.95,,,79.99,,,,,,,,,,,,79.99,,,,,63.0,,,,,,63.8,,,,,,,,,,75.99,
Core i5-9500,,149.9,,,,280.0,,,,,,,153.63,,,134.99,62.94,,,,,,,,,,,,,,,,,,,,,,,,,,,71.24,,,133.56,,,,83.68,98.63,125.37,113.12,114.67,,,,,,305.0,,,,,,,,64.95,54.32,,,,,,,,,,,,,,,,,,,55.0,,,,,,,,,,63.99,,269.95,,59.99,396.31,58.99,61.0,,,159.99,,58.99,58.99,,,,,,,,159.99,,,,,,,,78.23,80.24,71.73,91.21,69.77,54.99,119.98,73.87,61.76,97.42,75.15,,123.93,112.62,154.54,102.28,55.65,83.87,176.43,93.21,104.1,,107.38,131.0,,64.06,88.46,89.45,67.95,,,68.78,89.74,102.34,98.03,,,,,,,,,,,,134.99,,,,,144.99,99.99,,,,,525.0,104.99,,,64.31,144.71,54.99,,,,,,,,,50.0,,,,,,,,,,,,,,,,260.0,,,,,,139.0,,,,,,
Core i5-9500F,,,,,,,,,,,,,,,,,,,,,,,,,,,,,,,,,,,,,,,,,,,,,,,,,,,,,,,,,,,,,,,,,,,,,,,,,,,,,,,,,,,,,,,,,,,,,,,,,,,,,,,,,,,,,,,,,,,,,,,,,,,,,,,,,,,,,,,,,,,,,,,52.99,,,,,,,,,,,,,,,,,,,,,,,,,,,,,60.0,,,,,,,,,,,,,,,,,,,,,,,,,,,,,,,,,,,,,,,,,,,,,,,,,,,,,,,,
Core i5-9600,,,,,,,,,,,69.88,,,,,,,79.99,,,,,,,,,,,,,,,,,,,,,,,,,,,,,52.0,,,81.99,119.71,,226.0,53.99,,,,,,,,,,,,,,,,,,,,,,,,,,,,,,,,,,,,,,,,,,,,71.99,,,,,,,,66.99,,,,,,,,,,,,66.99,,,,,,,,,,,,,40.0,,56.62,,51.0,220.0,50.0,55.0,,,56.97,,,,,,44.99,,,,,,,53.32,42.0,,,,,51.5,179.95,51.99,,,49.99,,66.5,,270.0,203.97,59.0,,104.99,,,55.0,,,,53.99,,,,291.6,54.95,145.0,48.99,,38.51,48.5,398.0,,56.99,,,,183.5,56.99,,64.99,55.99,53.99,57.99,,52.5,56.49,45.0,,52.99,72.0,,56.99,45.99,44.99,,,43.09,,55.0,,,,,,,,,
Core i3-9100,,,,,,,,,,,,,,,,,,,,,,,,,,,,10.99,,,,,,,,,,,,,,,,29.0,,,49.99,,,,31.48,,27.99,41.99,,,,,,,,,,,,,,,,,,,,,,,,,,,,,,,37.95,,,,,,,,,,,,,,,,,,,,,,,,,,,,,,,,,,,,,,,34.99,,,,28.45,60.81,,25.0,28.24,30.45,,,29.66,23.0,,,,21.0,,,25.0,,25.0,120.0,28.49,,25.99,,,29.99,22.05,,26.5,,,,32.48,63.66,,25.0,,42.0,,,76.0,65.99,55.0,,,44.98,29.0,27.78,,,29.87,25.0,,,29.49,,,44.2,,,,,21.7,112.66,,,,,,39.99,39.99,,41.32,,,39.99,,,27.74,,37.67,,24.99,22.0,,30.2,26.99,31.14,,36.17,29.47,,,,26.98,,,,,,501.69
Core i3-9100F,,,,,,,,,,,,,,,,,,,,,,,,,,,,,,,,,,,,,10.3,,,,,,,25.46,,,,,,,,,15.2,35.0,,,,37.99,,,,,,,,,,,,,,,,,31.85,,,,,,,,,,,,,,,,,,,,,,,,,,,,,,,,,,,,,,,,,,,,,,,,,,,,,25.0,24.5,,,,,,27.86,30.5,,,,,,13.47,24.99,,,,24.82,,,,,,,,,,,,25.0,33.99,30.66,,,,22.5,,,,20.0,27.47,,23.99,,,39.99,,13.5,,17.0,32.46,39.99,,,,,,,,,,,,25.0,,,,25.25,,,,,25.46,29.99,,28.0,,20.0,32.74,,24.0,,,,,25.93,,24.99,,32.5,13.5,,,119.9,,,,,35.0
Core i3-9300,,,,,,,,,,,,,,,,,,,,,,,,,,,,,,,,,,,,,,,,,,,,,,,,,,,,,,,50.0,,,,,,,,,,,,,,,,,,,,,,,,,,,,,,,,,,,,,,,,,,,,,,,,,,,,,,,,,,,,,,,,,,,,,,,,,,,,,,,,,,44.99,,,,,,,,89.0,49.99,69.0,,,,,,,29.99,,,,,,,,,,,,,,,,,,,,,,,,,,,,,,,,,,,,,,,,,,,,,,,,,,45.0,,,,,,,,,,,,,,,,,,,,,,,,
Core i7-8700,,,,,,,,,,,,,,,,,,,,,,,,,,,,,,,,,,,,,,,84.0,,,,,81.29,,,85.97,,,,88.15,72.74,134.53,84.67,95.0,,,,,,,104.95,,,,,,,,,,,,,,,,,,,,,,,,,,299.99,84.99,88.99,,,,,,,,,,,,,,193.49,,81.99,,,,,,93.99,,,,,,,,,,,,,94.99,,,79.07,121.14,82.21,75.47,74.69,89.54,103.48,113.13,92.03,84.88,100.29,,84.5,95.49,135.98,130.45,96.62,82.0,108.63,79.99,93.82,,133.6,124.86,,73.5,74.25,77.0,154.0,,,79.72,143.22,113.96,106.66,,74.99,,,,,,,,69.95,,,,,,,,,,,,,76.99,,,,84.99,89.97,,,89.99,,,,,,,,,,,,,,,95.0,,,,,,,,,,94.99,,,,,,,,,,
Core i7-8700K,,,,,,,,,,,,,,,,,,,,,,,,,,,,,,,,,,,,,,,,,,,,125.5,,,82.97,,,,85.0,92.63,79.95,104.99,69.69,,,,,,,,,,,,,,,,,,,,,,,,,,,,,,,,,,,,,,,,,,,,,,,,,,,99.0,,,,,,,,,,,,90.0,,,,,,,,,,81.39,76.25,85.0,88.62,82.98,67.5,86.22,,86.99,79.01,80.06,,76.5,65.0,89.5,88.01,78.19,82.22,80.0,84.95,84.0,,84.79,81.4,,79.75,91.83,75.0,145.0,,,89.98,87.49,80.47,84.99,82.44,82.32,79.99,,112.0,87.33,84.0,80.0,87.5,74.0,93.16,78.0,81.99,90.0,75.0,85.19,98.6,77.5,82.5,143.25,,130.0,79.5,81.98,79.79,,66.0,,109.66,,85.65,80.0,,83.62,89.0,90.0,,92.93,84.0,85.67,114.97,,94.17,82.54,65.0,89.25,113.75,93.14,89.0,85.11,106.0,105.84,84.5,,88.0,86.5,113.0,75.0,,83.67,,,,,,94.75
Core i5-8400,,,,,,,,,,,,,,,,139.99,,,,,,,,,,,,,,,,,,,,,,,,,,,,70.83,,,123.0,,,,34.34,53.19,72.79,111.97,41.38,,,,,,,,,,,,,,,,,,,,,,,,,,,,,44.49,,,,,,,,,,,,,,,,,,,59.99,,,,,,,,,,,,,,,,,,,44.99,,,,,,33.55,39.24,62.14,31.25,56.12,36.11,37.38,64.88,23.66,83.16,46.96,,90.48,86.75,58.0,58.77,29.5,69.03,64.0,325.99,62.1,,,92.59,,32.5,32.68,99.62,168.28,,,93.73,61.77,57.98,32.5,131.46,68.37,,,39.5,120.0,48.49,95.38,41.81,86.58,38.95,55.31,38.0,67.5,56.59,44.48,42.62,136.65,82.95,,,50.0,147.49,49.97,126.9,,33.16,37.98,130.46,,74.61,45.39,,106.66,32.49,69.1,,37.37,60.41,30.5,331.31,56.6,70.66,71.0,39.12,71.69,52.0,31.99,34.0,34.25,88.11,78.36,40.76,,52.87,44.98,114.0,45.76,,164.39,,,,,,36.23
Core i5-8600K,,,,,,,,,,,,,,,,,,,,,,,,,,,,,,,,,,,,,,,,,,,,40.0,,,,,,,28.0,48.46,49.99,,,,,,,,,,,,,,,,,,,,,,,,,,,,,,,,,,,,,,,,,,,,,,,,,,,,,59.99,,,,,,,,,,,,,,,,,,,,,,,,,60.0,55.0,,59.98,,33.87,,30.0,,55.66,57.33,,49.99,41.5,49.99,45.0,,47.99,,49.99,,,55.0,33.5,,60.0,,,,,,47.0,,,59.95,,,47.25,,,,59.0,,,,58.99,,58.99,60.0,,41.0,,,,,,49.99,,55.0,,,,49.99,40.0,,,50.0,,,,,,37.85,,69.99,,57.99,69.95,,,44.99,31.4,,,64.99,,74.99,,,,,,,,,,,
Core i5-8500,,,,,,,,,,,,,,,199.99,,,,,,194.16,,,,,,,,,297.99,,,,,,,,,,,,,,128.26,,,85.58,,,,88.46,69.0,64.85,88.84,33.02,,,,,,,,,,,,,,,,,,,,,,,223.0,,,,,,,,,,99.99,,,,,,,,,,58.99,,,,,,,,48.49,,155.4,,69.99,46.99,,,85.99,,,,67.57,,,192.5,,,,115.0,,,,,,,35.99,,34.95,34.99,195.94,114.74,71.34,,114.99,102.33,120.88,146.01,91.44,88.45,155.34,103.45,48.98,,88.09,102.96,,,76.83,,,,,,,,,,,,,,,,,,,,57.12,,,,,,,,,,,,,14.6,,,,,,,,,,,,,,,,,,,,,,,,,,,,,,,,,,,,,,,,,
Core i5-8600,,,,,,,,,,,,,,,,,,,,,,,,,,,,,,,,,,,,,,,,,54.99,,,,,,39.47,,,,35.0,,46.67,42.31,27.1,,,,,,,,,,,,,,,,,,,,,,76.9,,,,,,,,,,51.99,,49.99,,,,,,,,,51.99,,,,,,,,,,,,,,39.99,,,51.99,,,,,,,,,,,,,224.95,35.0,72.47,41.49,35.99,43.99,41.0,33.71,34.0,43.33,46.8,,133.33,38.73,,39.0,59.25,40.99,38.5,34.99,42.5,,35.0,39.8,,30.2,29.5,32.31,33.99,,,41.57,52.0,51.38,37.05,,34.99,35.5,,,,,29.99,39.0,,37.5,35.0,42.0,60.0,50.0,32.73,,39.99,130.0,37.99,,32.2,36.64,32.99,63.33,,36.98,36.5,37.53,,,,,37.24,148.92,39.49,,140.0,37.0,38.27,,44.95,42.0,40.0,39.81,,66.0,560.0,47.59,,,37.03,,,40.98,42.0,37.99,,,36.15,,,,,,
Core i3-8100,,,,,,,,,,,,,,,,,,,,,,,,,,,,,,,,,,,,,,,,,,,,,,,20.66,,,,24.99,20.59,16.97,19.31,18.0,,,,,,,,,,,,,,,,,,,,,,,,,,,,,,,,,,,,,,,,,,,,49.99,,,,,349.95,,,,,,,,,,,,65.0,,,,,,,,,,29.97,,29.99,36.17,85.0,19.35,17.5,18.92,33.0,19.95,,,19.66,,50.0,102.62,23.74,19.98,,17.0,29.99,21.99,97.47,,17.65,21.98,,16.24,30.5,18.5,20.99,,,37.64,15.75,19.95,,23.49,,,,,19.99,79.99,57.21,20.55,239.91,,19.99,42.49,25.21,19.87,24.98,27.99,18.49,25.77,,,20.0,21.99,,16.04,,13.0,18.49,17.0,,20.0,,,21.49,21.99,16.0,,,24.95,20.0,36.66,,,50.62,70.33,23.28,24.04,,195.66,,,20.82,24.66,,19.99,34.2,,,,,,,,,,
Core i3-8300,,,,,,,,,,,,,,,,28.99,,,,,,,,,,,,,,,,,,,,,,,,,,,,33.99,,,,,,,,,,20.5,,,,,,,,,,,,,,,,,,,,,,,,,,,,,,,,,,,,,,,,,,,,,,,,,,,,,,,,,,,,,,,,,,,,,,,,,,,,,,,32.99,,,,,,82.82,,,,,,,,,,,32.99,,,,,29.99,119.99,,,,,,,,,16.0,,,,49.99,,,,,,,,,,34.99,,,,,,,,,,,,,,,,,,,,,,,,,,,,,,,,,30.0,39.99,,,,,,,,,,,,,,118.88,
Core i7-7700,,,,,,,,,,,119.99,,,79.99,,,,,,,,,,,,,,,,,,,,,,,,,,,,,,60.02,,,112.25,,,,81.48,67.17,80.58,58.37,99.0,,,,,,,,,,,,,,,57.99,,,,,,,,,89.99,,,,,,,,,,,,,,,,,,,,264.99,,,,,479.99,269.99,77.99,,,,,,,,73.99,,,,,81.49,,73.99,264.99,,,,75.82,,56.66,51.98,105.53,52.2,105.87,71.19,140.74,60.71,53.66,55.48,56.66,,62.72,70.73,59.21,172.46,64.09,77.39,70.07,100.49,212.06,,59.5,70.18,,54.41,172.0,52.86,128.75,,,67.95,72.6,56.86,59.0,,,53.99,,,69.99,,,,,,,,,,,,59.0,128.4,50.59,,57.5,84.13,80.67,,,57.33,64.76,,,,,,,,,,,,,,,,,64.95,,,,,,,,,,,,,,,,,,,,,
Core i7-7700K,,,,,,,,,,,,,,,,,,,,,,,,,,,125.95,,,,,,,,,,,,,,,,,74.35,,,88.66,,,,65.79,80.0,77.47,83.99,81.5,,,,,,,,,,,,,,,,,,,,,89.99,,,,,,,,,,,,,,,,,,,,,,110.0,,,,,,,,98.99,,,,,,99.99,,,,,,,,,,,,,,115.0,,69.66,73.0,172.54,257.95,82.32,89.33,91.93,80.0,104.96,47.72,143.87,,75.89,74.99,111.66,82.6,93.99,84.16,78.74,87.08,109.39,,80.55,78.22,,94.5,79.8,67.0,75.0,,,95.06,87.24,82.0,245.0,245.34,73.0,69.0,,81.77,76.5,60.64,97.99,79.0,63.83,85.45,84.66,76.5,82.49,74.0,85.72,96.76,89.95,87.94,87.35,,85.0,90.66,76.18,,,90.4,80.0,,,69.0,71.66,,64.66,70.0,73.47,,70.4,88.95,82.2,74.77,72.0,49.5,79.97,79.95,76.49,72.36,87.33,170.0,,83.3,119.99,72.5,,75.07,76.48,85.49,113.25,,80.0,,,,,,162.4
Core i5-7400,,,,,,,29.99,,,,,,,,,,,,46.95,,,,,,,,,,,,,,72.99,,,,,,,,,,,24.0,,,36.47,,,,26.98,36.58,25.42,22.99,,,,,,,,,,,,,,,,,,,,,,,,,,,,,,,,,,,,,,,,,,,,,,,,,,34.99,,,,,,,,,,,,,,,,,,,,,,,,23.33,36.0,48.23,23.45,21.75,29.12,41.58,24.74,21.23,24.99,27.23,,,26.64,50.66,29.99,86.66,20.43,115.98,42.39,34.55,,24.0,74.45,,,26.5,31.25,50.48,,,26.46,109.04,269.25,23.98,33.36,44.66,34.5,,31.49,,24.99,27.0,39.95,52.49,25.25,91.58,41.48,158.66,25.24,25.99,32.25,28.58,62.49,,,85.99,42.98,22.95,155.59,,25.99,37.47,20.71,,52.45,,,24.79,33.62,105.63,,31.49,25.62,27.05,103.85,,,27.65,27.65,24.99,24.99,26.16,37.0,28.25,29.19,30.99,28.98,,29.99,27.12,39.95,11.5,,26.98,,,,,13.61,206.2
Core i5-7500,,,,,,,,,,,,,,,,,,,,,,,,,,,,,,,,,,,,,,,55.0,,,,25.85,51.16,,,136.5,,,,35.24,79.12,48.48,112.33,,,,,,,,,,,,,,,,,,,,,,,,,,,,,,,,,,64.99,,,,,,,,,,34.99,64.99,,29.99,272.0,,30.99,,29.99,,,,,,,30.99,,,,,,28.99,,144.97,,,139.99,,,,122.69,27.95,147.65,32.03,47.66,64.9,80.54,23.89,117.15,30.56,46.41,,109.19,77.12,87.62,121.34,28.55,26.63,73.58,65.34,41.52,,56.24,61.96,,29.99,26.33,23.78,68.99,,,51.99,81.66,108.21,42.03,,28.5,24.99,,,,24.99,,27.45,91.57,24.32,101.52,,37.65,129.46,71.24,31.73,36.2,68.76,28.09,,110.0,63.55,36.72,,,31.72,187.21,,,20.99,,,,,25.99,,,,,,,,,,,,,,,,,,,,,,,,,,,,,,
Core i5-7600,,,,,,,,,,,,,,,,,,,,,,,,,,,,,,,,,,,,,,,,,,,,29.98,,,29.0,,,,34.17,53.33,27.99,30.61,31.99,,,,,,,,,,,,,,,,,,,,,,,,,,,,,,,,,,39.99,,,,,,,,,,,,,,,,,33.99,,,,,,,,,,,,,,,,,,,,,,,27.99,29.69,30.24,28.99,21.25,25.0,25.49,,126.24,44.97,,,19.7,25.0,195.13,,27.83,29.99,464.74,,,29.99,,,26.68,30.0,26.82,28.99,,,70.73,28.47,29.95,29.99,28.18,29.95,,,29.46,28.55,,,31.5,34.99,32.65,27.99,32.5,29.95,334.95,41.52,58.99,,,24.99,,30.0,29.99,30.99,344.95,,26.64,,33.0,,26.66,35.0,,,27.42,70.11,,37.15,29.98,38.9,29.74,27.99,,34.66,84.7,167.0,30.0,,23.49,29.95,39.98,23.0,30.38,,299.99,28.65,22.5,24.99,,,,,,29.99,,26.49
Core i5-7600K,,,,,,,,,,,,,,,,,,,,,49.45,,,,,,,,,,,,,,,,,,,,,,,,,,49.97,,,,,28.0,,38.99,48.08,,,,,,,,,,,,,,,,,,,,,,,,,,,,,,,,,,,,,,,,,,,,,,,,,,,,,,,,,,,44.99,,,,,,,,,,,,,,47.46,,,60.0,,52.5,,51.88,,,,,,89.99,49.99,38.0,,45.0,,58.12,38.0,,44.11,,,,35.0,,,,,,,,,,42.47,,,43.32,,40.0,,33.0,49.0,40.0,,,,44.59,29.25,44.0,39.98,35.0,,,52.98,,21.5,21.1,,43.33,39.95,,,,,,,39.0,93.66,,40.0,,,,,,28.0,39.95,,29.5,39.48,44.5,35.0,,,,,,49.95,57.28,,,,,,,,,34.0
Core i3-7100,,13.49,,,,,,,,,,,,,,,,,,,,21.18,,,,,,,,,,,,,,,,,,,,,,12.99,,,,,,,58.0,29.0,12.99,11.97,,,,,,,,,,,,,,,,,,,,,,,,,,,,,,,,,,,,,,,,,,,,,,,,,,599.95,,,,,,,,,,511.49,,,,,,,,,,13.99,,,,70.0,14.99,54.0,,15.0,88.5,86.99,,,,12.5,,,,26.99,13.45,72.0,,32.99,,96.49,,11.0,33.64,,11.95,,35.0,129.2,,,14.99,,30.39,,61.65,12.83,,,13.75,,134.0,11.49,17.17,,11.5,12.49,52.56,12.95,100.0,163.61,,12.95,19.3,13.92,,,,30.0,,,73.75,12.5,,,,,,11.75,24.27,39.99,,12.98,48.99,,23.14,70.0,,12.0,20.0,65.0,14.99,,,11.5,12.0,60.0,77.83,,15.0,160.0,,12.18,,16.25,,,,,,
Core i3-7300,,,,,,,,,,,,,,,,,,,,,,,,,,,,,,,,,,,,,,,,,,,,,,,,,,,,,,,,,,,,,,,,,,,,,,,,,,,,,,,,,,,,,,,,,,,,,,,,,,,,,,,,,,,,,,,,16.97,,,,,,,,,,,,,,,,,,,,,,,,,,,,,,,,,,,,,,24.99,,,,,,,,,,,,,,,,,,,,,,,,,,,,,,,,,,,,,,,,,29.0,,,,,,,,,,,,,,,,,,22.99,,,,,,,,,,,,,,,,,,,
Core i7-6700K,,,,,,,,,,,,,,,,,,,,,,,,,,,,,,,,,,,,,,,,,,,,51.0,,,48.0,,,,45.49,71.14,42.95,49.43,61.49,,,,,,,,,,,,67.99,,,,,,,,,,,,,,,,,,,,65.53,,60.5,72.99,,,,,,,,,70.0,,,,,,,,,,,,,,,,,,,,,,,,,,,118.95,,58.62,56.92,50.73,59.65,62.8,80.59,46.79,51.41,48.33,74.99,49.87,,,55.35,47.0,60.72,40.49,47.85,,62.47,48.73,,60.83,64.31,,55.0,57.99,92.63,46.58,,,46.5,48.96,53.66,54.48,115.24,94.99,,,53.33,52.0,57.5,59.99,48.0,55.0,95.0,51.15,57.5,57.33,55.33,55.8,56.33,,51.0,50.0,,57.5,,47.5,89.71,,50.66,59.5,54.21,,39.33,,,54.75,54.2,53.58,,66.73,53.99,53.15,58.0,53.5,55.65,52.25,53.45,48.83,50.33,50.86,51.73,61.99,51.0,51.0,76.65,,61.65,73.61,61.99,,,61.66,,52.99,,,49.99,60.12
Core i7-6700,,,,,,,,,,,,,,,,,,,,,,,,,,68.95,,,,,,,,,,,,,49.99,,,49.69,,41.3,,,44.26,,,,80.71,93.36,92.2,76.54,43.31,,,,,,,,,,,,,,,,,59.95,,,,,,,,,,,64.99,,,,,184.99,,,,,,,,,,,58.99,,,500.95,62.95,449.99,299.99,59.99,,,,,,,62.99,,,,,,,,184.99,,,,69.99,61.76,,49.99,97.0,59.44,42.1,66.68,98.49,51.4,43.05,43.0,54.45,45.72,,,54.69,101.78,91.5,78.21,116.69,41.27,48.32,120.93,,58.61,119.77,,,41.02,,,,,,195.91,110.77,66.5,,,,,,,,,,,,,,,,,,,149.99,,,,,,,,,,,,,,,,846.99,,,,146.99,,,,,,,,,,,,,,,,,52.55,,,189.99,,,,,,,
Core i5-6600K,,,,,,,,,,,,,,,,,,,,,,,,,,,,,,,,,,,,,,,,,,,,27.99,,,29.99,,,,22.95,,19.99,32.0,,,,,,,,,,,,,,,,,,,,,,,,,,,,,,,,,,,,,,,,,,,,,,,,,,,,,,,,,,,,,,,30.0,,,,,,,,,,,24.75,,49.64,,38.99,,,20.0,28.49,26.99,17.99,,,20.0,27.32,25.99,,,25.0,27.99,23.74,,27.98,25.99,,,43.0,27.95,,,,24.99,24.99,32.99,24.5,27.0,20.49,,,,30.0,,,26.25,,,,,15.0,23.5,102.5,17.99,24.99,27.99,27.99,,,,22.11,12.99,,20.99,114.99,24.99,,26.01,,,,20.0,59.99,,75.0,29.5,,32.99,29.99,25.99,,19.6,29.5,,26.99,24.69,22.99,27.96,28.0,26.25,,,27.45,,,,26.47,,,,,,
Core i5-6400,,,,,,,,,,,,,,,,,,,,,,,,,,,,,,,,,,,,,,,,,,,,,,,32.11,,,,22.77,52.49,108.71,67.76,16.85,,,,,,,,,,,,,,,,,,,,,,,,,,,,,,,,,,,,,,,,,,,,,,,49.99,,,,,,,24.99,,125.0,125.0,,,,,,,,,,,,,,,,21.14,,41.3,20.85,24.44,69.99,20.06,,,46.99,38.48,,37.0,17.17,23.19,23.32,21.49,20.24,84.5,19.49,21.24,,,22.49,,,22.07,21.88,17.95,,,22.42,142.11,265.33,19.99,42.97,76.09,57.49,,20.25,14.25,27.74,50.49,42.48,23.41,23.32,,48.83,32.0,57.82,,19.73,19.31,47.99,19.97,,130.43,24.95,213.97,154.4,,20.96,145.2,19.09,,21.18,23.99,,146.88,21.08,50.0,,24.5,22.0,69.41,37.48,17.48,,,,,20.99,47.49,15.5,21.99,23.12,25.0,20.91,,20.94,23.59,22.49,15.5,,23.49,,,,,,24.99
Core i5-6500,,,,,,,,,,,,,,,,,,24.97,,,,,,,,,,,,,39.99,,,200.0,,,100.0,,,,,,,148.36,,,53.25,,,,36.09,82.68,48.27,63.78,45.21,,,,,,,,,,,,,,,,,,,,,,,24.75,,,,,,,,,,79.99,,,,,65.0,,,,,60.0,27.99,,,,,,46.99,,,,,,53.33,49.99,389.99,290.87,172.95,,74.95,,,,49.99,68.49,69.97,,29.95,,,,,,,,,20.99,,,,,,,78.49,74.63,93.18,70.92,46.13,62.17,86.34,64.45,,47.53,80.38,,,46.65,,,,,69.0,,,,,22.99,,139.99,,,,,,,,,,,,90.0,,,149.99,,,,89.99,,,,,,,,,,,,24.5,,,,,,,,,,,,,,,,,,,,,,,,,,,,,,,
Core i5-6600,,,,,,,,,,,,,,,,,,,,,,,,,,,,,,,,,,,,45.0,,,,,,,,20.59,,,43.43,,,,20.74,27.38,72.96,22.97,16.5,,,,,,,,,,,,,,,,,,,,,,,,,,,,,,,,,,,,,,,,,,,,,,,,,34.99,,,,,,,,,59.99,59.99,,,,,,,,,,,,,,77.18,,24.49,25.99,188.33,23.49,229.99,44.99,10.31,24.49,23.31,,,26.48,22.98,,24.99,,20.0,33.98,23.99,,,409.58,,,27.74,49.99,71.66,,,23.49,22.99,24.0,23.49,20.0,229.0,22.25,,23.48,22.47,19.26,,32.67,18.59,143.5,21.99,29.61,35.69,25.99,84.66,23.99,76.0,24.0,,,25.0,35.0,20.35,70.85,,112.9,30.9,30.99,,180.0,,,25.38,30.68,62.33,,149.66,51.47,,43.31,,24.0,253.24,30.23,28.0,24.5,24.03,33.23,73.99,,28.99,,,24.95,29.47,,,,,,,,,,83.36
Core i3-6100,,,,,,,,,,,,,,,,,,,,,,,,,,,,,,,,,,,,36.0,,,,,,,11.99,,,,60.0,,,,50.8,33.24,,13.09,,11.99,,,,,,,,,,,,,,,,,,,,,,,,,,,,,,,,,,,,,,,,,,,,,,,,,,,,,,,,,,,,,,,,,,,,,11.49,,,,,,77.49,42.49,35.0,40.0,,,,,,,42.0,31.5,55.5,10.6,,14.97,43.29,32.81,,,58.98,,,,,19.33,,,12.95,76.07,49.0,,239.99,,39.99,,,,22.5,57.0,59.66,,,,84.33,54.38,,41.99,25.98,27.0,54.95,,,,,34.0,15.0,,149.99,,,,15.0,,,22.48,34.99,,,169.99,34.77,85.99,,,,16.17,77.83,122.0,36.0,29.0,,,11.0,25.0,60.0,,88.0,41.99,,,,38.0,,,,,,
Core i3-6300,,,,,,,,,,,,,,,,,,,,,,,,,,,,,,,,,,,,,,,,,,,,,,,,,,,,13.0,,,,,,,,,,,,,,,,,,,,,,,,,,,,,,,,,,,,,,,,,,,,,,,,,,,,,,,,,,,,,,,,,,,,,,,,,,,,,,,,,,,,,33.15,,,,,,,,,,,,,,,,,,,,,,,,,,,,,,,,,,,,,,,,,,,,,,,,,,,,,,,,,,,,,,,,,,,,,,,,,,,,,,,,,,,,,,,,,,,
Core i7-6800K,,,,,,,,,,,,,,,,,,,,,,,,,,,,,,,,,,,,,,,,,,,,38.55,,,,,,,35.99,38.99,49.99,38.99,29.99,,,,,,,,,,,,,,,,,,,,,,,,,,,,,,,,,,,,,,,,,,47.0,,,,,,,,,,,41.22,,,,158.93,,,,,,,,,,,,,42.99,,,,,50.67,,89.88,,,,,38.0,,,,30.4,,39.0,132.5,34.99,,,,,,36.48,,,40.48,29.99,,,,,26.0,32.99,25.0,,38.95,29.99,,,46.05,,,,34.95,47.5,,,,39.98,,24.99,,,32.99,,,,179.99,,,,,,,,35.0,,,,,,,36.99,,,38.99,121.5,,,,15.87,29.99,,84.76,38.99,,,,,15.5,,,,,,,,,,
Core i7-6900K,,,,,,,,,,,,,,,,,,,,,,,,,,,,,,,,,,,,,,,,,,,,,,178.6,,,,,93.93,,83.5,90.0,,,,,,,,,,,,,,,,,,,,,,,,,,,,,,,,,,,,,,,,,,,,,,,,,,,,,,,,,,,,,,,,,,,,,,,,,,,,,,60.0,,85.0,69.95,69.0,84.79,50.0,,,,,,132.5,,,,29.99,,148.5,,,,76.5,199.0,,,,,,,,84.95,,,,,,,,,69.0,,69.0,,69.99,,,,,56.0,,,,,,,,,,,,,,,,,,,69.95,,99.0,,,95.72,50.0,,,,68.0,,,,,69.95,,,,,,,,,,,,,
